Workbook

Sheet Resum
A2: Inventari general - GRAE Muntanya
A4: PERSONES ACTIVES | B4: ARTICLES CATÀLEG | C4: UNITATS TEÒRIQUES | D4: UNITATS DECLARADES | E4: UNITATS PENDENTS | F4: A SUBSTITUIR | G4: NO LOCALITZAT | H4: REGISTRES PENDENTS | L4: Base / grup | M4: Caporals | N4: Bombers
A5: =COUNTIF(Personal!$E$6:$E$112,"Sí") -> 107 | B5: =COUNTA('Catàleg GRAE'!$C$5:$C$113) -> 109 | C5: =SUM(Declaracions!$H$6:$H$11668) -> 14338 | D5: =SUM(Declaracions!$I$6:$I$11668) -> 0 | E5: =SUMIF(Declaracions!$P$6:$P$11668,"<0",Declaracions!$P$6:$P$11668)*-1 -> 0 | F5: =COUNTIF(Declaracions!$N$6:$N$11668,"Per substituir") -> 0 | G5: =COUNTIF(Declaracions!$N$6:$N$11668,"No localitzat") -> 0 | H5: =COUNTIF(Declaracions!$H$6:$H$11668,">0")-COUNT(Declaracions!$I$6:$I$11668) -> 11663 | L5: Olot | M5: =COUNTIFS(Personal!$C$6:$C$112,L5,Personal!$D$6:$D$112,"Caporal GRAE Muntanya") -> 6 | N5: =COUNTIFS(Personal!$C$6:$C$112,L5,Personal!$D$6:$D$112,"Bomber/a especialista GRAE Muntanya") -> 18
L6: La Seu d’Urgell | M6: =COUNTIFS(Personal!$C$6:$C$112,L6,Personal!$D$6:$D$112,"Caporal GRAE Muntanya") -> 6 | N6: =COUNTIFS(Personal!$C$6:$C$112,L6,Personal!$D$6:$D$112,"Bomber/a especialista GRAE Muntanya") -> 18
L7: Valls | M7: =COUNTIFS(Personal!$C$6:$C$112,L7,Personal!$D$6:$D$112,"Caporal GRAE Muntanya") -> 6 | N7: =COUNTIFS(Personal!$C$6:$C$112,L7,Personal!$D$6:$D$112,"Bomber/a especialista GRAE Muntanya") -> 18
A8: Categoria | B8: Referència | C8: Article | D8: Dotació/persona | E8: Teòric total | F8: Declarat | G8: Manca | H8: Per substituir | I8: No localitzat | J8: Situació | L8: Cerdanyola | M8: =COUNTIFS(Personal!$C$6:$C$112,L8,Personal!$D$6:$D$112,"Caporal GRAE Muntanya") -> 6 | N8: =COUNTIFS(Personal!$C$6:$C$112,L8,Personal!$D$6:$D$112,"Bomber/a especialista GRAE Muntanya") -> 18
A9: Uniformitat | B9: COS-PO-02 | C9: Polo màniga curta blau marí (bomber/a) | D9: 1 | E9: =SUMIF(Declaracions!$F$6:$F$11668,C9,Declaracions!$H$6:$H$11668) -> 107 | F9: =SUMIF(Declaracions!$F$6:$F$11668,C9,Declaracions!$I$6:$I$11668) -> 0 | G9: =MAX(0,E9-F9) -> 107 | H9: =COUNTIFS(Declaracions!$F$6:$F$11668,C9,Declaracions!$N$6:$N$11668,"Per substituir") -> 0 | I9: =COUNTIFS(Declaracions!$F$6:$F$11668,C9,Declaracions!$N$6:$N$11668,"No localitzat") -> 0 | J9: =IF(G9>0,"Reposar",IF(OR(H9>0,I9>0),"Revisar","OK")) -> Reposar | L9: Comandaments responsables | M9: =COUNTIF(Personal!$D$6:$D$112,"Comandament responsable") -> 11
A10: Uniformitat | B10: COS-PO-02 | C10: Polo màniga llarga blau marí (bomber/a) | D10: 1 | E10: =SUMIF(Declaracions!$F$6:$F$11668,C10,Declaracions!$H$6:$H$11668) -> 107 | F10: =SUMIF(Declaracions!$F$6:$F$11668,C10,Declaracions!$I$6:$I$11668) -> 0 | G10: =MAX(0,E10-F10) -> 107 | H10: =COUNTIFS(Declaracions!$F$6:$F$11668,C10,Declaracions!$N$6:$N$11668,"Per substituir") -> 0 | I10: =COUNTIFS(Declaracions!$F$6:$F$11668,C10,Declaracions!$N$6:$N$11668,"No localitzat") -> 0 | J10: =IF(G10>0,"Reposar",IF(OR(H10>0,I10>0),"Revisar","OK")) -> Reposar
A11: Uniformitat | B11: COS-PA-08 | C11: Pantaló d’intervenció lleuger | D11: 1 | E11: =SUMIF(Declaracions!$F$6:$F$11668,C11,Declaracions!$H$6:$H$11668) -> 107 | F11: =SUMIF(Declaracions!$F$6:$F$11668,C11,Declaracions!$I$6:$I$11668) -> 0 | G11: =MAX(0,E11-F11) -> 107 | H11: =COUNTIFS(Declaracions!$F$6:$F$11668,C11,Declaracions!$N$6:$N$11668,"Per substituir") -> 0 | I11: =COUNTIFS(Declaracions!$F$6:$F$11668,C11,Declaracions!$N$6:$N$11668,"No localitzat") -> 0 | J11: =IF(G11>0,"Reposar",IF(OR(H11>0,I11>0),"Revisar","OK")) -> Reposar
A12: Uniformitat | B12: COS-SA-01 | C12: Samarreta | D12: 2 | E12: =SUMIF(Declaracions!$F$6:$F$11668,C12,Declaracions!$H$6:$H$11668) -> 214 | F12: =SUMIF(Declaracions!$F$6:$F$11668,C12,Declaracions!$I$6:$I$11668) -> 0 | G12: =MAX(0,E12-F12) -> 214 | H12: =COUNTIFS(Declaracions!$F$6:$F$11668,C12,Declaracions!$N$6:$N$11668,"Per substituir") -> 0 | I12: =COUNTIFS(Declaracions!$F$6:$F$11668,C12,Declaracions!$N$6:$N$11668,"No localitzat") -> 0 | J12: =IF(G12>0,"Reposar",IF(OR(H12>0,I12>0),"Revisar","OK")) -> Reposar
A13: Uniformitat | B13: COS-CI-01 | C13: Cinturó de treball | D13: 1 | E13: =SUMIF(Declaracions!$F$6:$F$11668,C13,Declaracions!$H$6:$H$11668) -> 107 | F13: =SUMIF(Declaracions!$F$6:$F$11668,C13,Declaracions!$I$6:$I$11668) -> 0 | G13: =MAX(0,E13-F13) -> 107 | H13: =COUNTIFS(Declaracions!$F$6:$F$11668,C13,Declaracions!$N$6:$N$11668,"Per substituir") -> 0 | I13: =COUNTIFS(Declaracions!$F$6:$F$11668,C13,Declaracions!$N$6:$N$11668,"No localitzat") -> 0 | J13: =IF(G13>0,"Reposar",IF(OR(H13>0,I13>0),"Revisar","OK")) -> Reposar
A14: Transport | B14: MAT-BO-01 / MAT-BO-07 | C14: Bossa de transport amb motxilla | D14: 1 | E14: =SUMIF(Declaracions!$F$6:$F$11668,C14,Declaracions!$H$6:$H$11668) -> 107 | F14: =SUMIF(Declaracions!$F$6:$F$11668,C14,Declaracions!$I$6:$I$11668) -> 0 | G14: =MAX(0,E14-F14) -> 107 | H14: =COUNTIFS(Declaracions!$F$6:$F$11668,C14,Declaracions!$N$6:$N$11668,"Per substituir") -> 0 | I14: =COUNTIFS(Declaracions!$F$6:$F$11668,C14,Declaracions!$N$6:$N$11668,"No localitzat") -> 0 | J14: =IF(G14>0,"Reposar",IF(OR(H14>0,I14>0),"Revisar","OK")) -> Reposar
A15: Protecció | B15: MAN-FO-01 | C15: Guants de protecció en incendis forestals | D15: 1 | E15: =SUMIF(Declaracions!$F$6:$F$11668,C15,Declaracions!$H$6:$H$11668) -> 107 | F15: =SUMIF(Declaracions!$F$6:$F$11668,C15,Declaracions!$I$6:$I$11668) -> 0 | G15: =MAX(0,E15-F15) -> 107 | H15: =COUNTIFS(Declaracions!$F$6:$F$11668,C15,Declaracions!$N$6:$N$11668,"Per substituir") -> 0 | I15: =COUNTIFS(Declaracions!$F$6:$F$11668,C15,Declaracions!$N$6:$N$11668,"No localitzat") -> 0 | J15: =IF(G15>0,"Reposar",IF(OR(H15>0,I15>0),"Revisar","OK")) -> Reposar
A16: Protecció | B16: CAP-MA-04 | C16: Mascareta autofiltrant FFP3 | D16: 1 | E16: =SUMIF(Declaracions!$F$6:$F$11668,C16,Declaracions!$H$6:$H$11668) -> 107 | F16: =SUMIF(Declaracions!$F$6:$F$11668,C16,Declaracions!$I$6:$I$11668) -> 0 | G16: =MAX(0,E16-F16) -> 107 | H16: =COUNTIFS(Declaracions!$F$6:$F$11668,C16,Declaracions!$N$6:$N$11668,"Per substituir") -> 0 | I16: =COUNTIFS(Declaracions!$F$6:$F$11668,C16,Declaracions!$N$6:$N$11668,"No localitzat") -> 0 | J16: =IF(G16>0,"Reposar",IF(OR(H16>0,I16>0),"Revisar","OK")) -> Reposar
A17: Esport | B17: COS-DE-02 | C17: Dessuadora d’esport | D17: 1 | E17: =SUMIF(Declaracions!$F$6:$F$11668,C17,Declaracions!$H$6:$H$11668) -> 107 | F17: =SUMIF(Declaracions!$F$6:$F$11668,C17,Declaracions!$I$6:$I$11668) -> 0 | G17: =MAX(0,E17-F17) -> 107 | H17: =COUNTIFS(Declaracions!$F$6:$F$11668,C17,Declaracions!$N$6:$N$11668,"Per substituir") -> 0 | I17: =COUNTIFS(Declaracions!$F$6:$F$11668,C17,Declaracions!$N$6:$N$11668,"No localitzat") -> 0 | J17: =IF(G17>0,"Reposar",IF(OR(H17>0,I17>0),"Revisar","OK")) -> Reposar
A18: Esport | B18: COS-PA-10 | C18: Pantaló llarg d’esport | D18: 1 | E18: =SUMIF(Declaracions!$F$6:$F$11668,C18,Declaracions!$H$6:$H$11668) -> 107 | F18: =SUMIF(Declaracions!$F$6:$F$11668,C18,Declaracions!$I$6:$I$11668) -> 0 | G18: =MAX(0,E18-F18) -> 107 | H18: =COUNTIFS(Declaracions!$F$6:$F$11668,C18,Declaracions!$N$6:$N$11668,"Per substituir") -> 0 | I18: =COUNTIFS(Declaracions!$F$6:$F$11668,C18,Declaracions!$N$6:$N$11668,"No localitzat") -> 0 | J18: =IF(G18>0,"Reposar",IF(OR(H18>0,I18>0),"Revisar","OK")) -> Reposar
A19: Esport | B19: COS-PA-07 | C19: Pantaló curt d’esport | D19: 1 | E19: =SUMIF(Declaracions!$F$6:$F$11668,C19,Declaracions!$H$6:$H$11668) -> 107 | F19: =SUMIF(Declaracions!$F$6:$F$11668,C19,Declaracions!$I$6:$I$11668) -> 0 | G19: =MAX(0,E19-F19) -> 107 | H19: =COUNTIFS(Declaracions!$F$6:$F$11668,C19,Declaracions!$N$6:$N$11668,"Per substituir") -> 0 | I19: =COUNTIFS(Declaracions!$F$6:$F$11668,C19,Declaracions!$N$6:$N$11668,"No localitzat") -> 0 | J19: =IF(G19>0,"Reposar",IF(OR(H19>0,I19>0),"Revisar","OK")) -> Reposar
A20: Esport | B20: COS-SA-02 | C20: Samarreta d’esport | D20: 1 | E20: =SUMIF(Declaracions!$F$6:$F$11668,C20,Declaracions!$H$6:$H$11668) -> 107 | F20: =SUMIF(Declaracions!$F$6:$F$11668,C20,Declaracions!$I$6:$I$11668) -> 0 | G20: =MAX(0,E20-F20) -> 107 | H20: =COUNTIFS(Declaracions!$F$6:$F$11668,C20,Declaracions!$N$6:$N$11668,"Per substituir") -> 0 | I20: =COUNTIFS(Declaracions!$F$6:$F$11668,C20,Declaracions!$N$6:$N$11668,"No localitzat") -> 0 | J20: =IF(G20>0,"Reposar",IF(OR(H20>0,I20>0),"Revisar","OK")) -> Reposar
A21: Esport | B21: PEU-SA-01 | C21: Calçat d’esport | D21: 1 | E21: =SUMIF(Declaracions!$F$6:$F$11668,C21,Declaracions!$H$6:$H$11668) -> 107 | F21: =SUMIF(Declaracions!$F$6:$F$11668,C21,Declaracions!$I$6:$I$11668) -> 0 | G21: =MAX(0,E21-F21) -> 107 | H21: =COUNTIFS(Declaracions!$F$6:$F$11668,C21,Declaracions!$N$6:$N$11668,"Per substituir") -> 0 | I21: =COUNTIFS(Declaracions!$F$6:$F$11668,C21,Declaracions!$N$6:$N$11668,"No localitzat") -> 0 | J21: =IF(G21>0,"Reposar",IF(OR(H21>0,I21>0),"Revisar","OK")) -> Reposar
... A117: Aquàtic | B117: MAT-CO-42 | C117: Banyador corporatiu GRAE | D117: 1 | E117: =SUMIF(Declaracions!$F$6:$F$11668,C117,Declaracions!$H$6:$H$11668) -> 107 | F117: =SUMIF(Declaracions!$F$6:$F$11668,C117,Declaracions!$I$6:$I$11668) -> 0 | G117: =MAX(0,E117-F117) -> 107 | H117: =COUNTIFS(Declaracions!$F$6:$F$11668,C117,Declaracions!$N$6:$N$11668,"Per substituir") -> 0 | I117: =COUNTIFS(Declaracions!$F$6:$F$11668,C117,Declaracions!$N$6:$N$11668,"No localitzat") -> 0 | J117: =IF(G117>0,"Reposar",IF(OR(H117>0,I117>0),"Revisar","OK")) -> Reposar

Sheet Personal
A2: Personal inclòs en l’inventari
A3: Omple una fila per especialista. El camp Actiu controla si la persona entra en els càlculs.
A5: ID | B5: Nom i cognoms | C5: Base / parc | D5: Categoria | E5: Actiu | F5: Data comprovació
A6: 1 | C6: Olot | D6: Caporal GRAE Muntanya | E6: Sí
A7: 2 | C7: Olot | D7: Caporal GRAE Muntanya | E7: Sí
A8: 3 | C8: Olot | D8: Caporal GRAE Muntanya | E8: Sí
A9: 4 | C9: Olot | D9: Caporal GRAE Muntanya | E9: Sí
A10: 5 | C10: Olot | D10: Caporal GRAE Muntanya | E10: Sí
A11: 6 | C11: Olot | D11: Caporal GRAE Muntanya | E11: Sí
A12: 7 | C12: Olot | D12: Bomber/a especialista GRAE Muntanya | E12: Sí
A13: 8 | C13: Olot | D13: Bomber/a especialista GRAE Muntanya | E13: Sí
A14: 9 | C14: Olot | D14: Bomber/a especialista GRAE Muntanya | E14: Sí
A15: 10 | C15: Olot | D15: Bomber/a especialista GRAE Muntanya | E15: Sí
A16: 11 | C16: Olot | D16: Bomber/a especialista GRAE Muntanya | E16: Sí
A17: 12 | C17: Olot | D17: Bomber/a especialista GRAE Muntanya | E17: Sí
... A101: 96 | C101: Cerdanyola | D101: Bomber/a especialista GRAE Muntanya | E101: Sí
A102: 97 | D102: Comandament responsable | E102: Sí
A103: 98 | D103: Comandament responsable | E103: Sí
A104: 99 | D104: Comandament responsable | E104: Sí
A105: 100 | D105: Comandament responsable | E105: Sí
A106: 101 | D106: Comandament responsable | E106: Sí
A107: 102 | D107: Comandament responsable | E107: Sí
A108: 103 | D108: Comandament responsable | E108: Sí
A109: 104 | D109: Comandament responsable | E109: Sí
A110: 105 | D110: Comandament responsable | E110: Sí
A111: 106 | D111: Comandament responsable | E111: Sí
A112: 107 | D112: Comandament responsable | E112: Sí

Sheet Declaracions
A2: Declaració individual de material i control EPI
A3: Filtra per ID, nom o base. El número de sèrie/lot és opcional. En els EPI, informa les dates disponibles de fabricació, alta, caducitat o revisió.
A5: ID persona | B5: Nom i cognoms | C5: Base / parc | D5: Categoria material | E5: Referència | F5: Article | G5: EPI traçable | H5: Dotació teòrica | I5: Unitats disponibles | J5: Talla / mida | K5: Núm. sèrie / lot EPI | L5: Data fabricació / alta | M5: Caducitat / pròxima revisió | N5: Estat | O5: Observacions | P5: Diferència | Q5: Acció / control EPI | R5: Comprovat
A6: 1 | B6: =IFERROR(VLOOKUP(A6,Personal!$A$6:$F$112,2,FALSE()),"") -> 0 | C6: =IFERROR(VLOOKUP(A6,Personal!$A$6:$F$112,3,FALSE()),"") -> Olot | D6: Uniformitat | E6: COS-PO-02 | F6: Polo màniga curta blau marí (bomber/a) | G6: No | H6: =IF(OR(VLOOKUP(A6,Personal!$A$6:$F$112,5,FALSE())<>"Sí",N6="No aplica"),0,'Catàleg GRAE'!D5) -> 1 | P6: =IF(I6="","",I6-H6) | Q6: =IF(B6="","",IF(N6="No aplica","No aplica",IF(I6="","Pendent",IF(N6="Per substituir","Substituir",IF(OR(N6="No localitzat",N6="No lliurat"),"Reposar",IF(I6<H6,"Reposar",IF(I6>H6,"Revisar excedent",IF(AND(G6="Sí",M6<>"",M6<TODAY()),"EPI caducat",IF(AND(G6="Sí",M6<>"",M6<=TODAY()+90),"EPI caduca ≤90 dies",IF(OR(N6="Deteriorat usable",N6="Revisió necessària"),"Revisar","OK"))))))))))
A7: 1 | B7: =IFERROR(VLOOKUP(A7,Personal!$A$6:$F$112,2,FALSE()),"") -> 0 | C7: =IFERROR(VLOOKUP(A7,Personal!$A$6:$F$112,3,FALSE()),"") -> Olot | D7: Uniformitat | E7: COS-PO-02 | F7: Polo màniga llarga blau marí (bomber/a) | G7: No | H7: =IF(OR(VLOOKUP(A7,Personal!$A$6:$F$112,5,FALSE())<>"Sí",N7="No aplica"),0,'Catàleg GRAE'!D6) -> 1 | P7: =IF(I7="","",I7-H7) | Q7: =IF(B7="","",IF(N7="No aplica","No aplica",IF(I7="","Pendent",IF(N7="Per substituir","Substituir",IF(OR(N7="No localitzat",N7="No lliurat"),"Reposar",IF(I7<H7,"Reposar",IF(I7>H7,"Revisar excedent",IF(AND(G7="Sí",M7<>"",M7<TODAY()),"EPI caducat",IF(AND(G7="Sí",M7<>"",M7<=TODAY()+90),"EPI caduca ≤90 dies",IF(OR(N7="Deteriorat usable",N7="Revisió necessària"),"Revisar","OK"))))))))))
A8: 1 | B8: =IFERROR(VLOOKUP(A8,Personal!$A$6:$F$112,2,FALSE()),"") -> 0 | C8: =IFERROR(VLOOKUP(A8,Personal!$A$6:$F$112,3,FALSE()),"") -> Olot | D8: Uniformitat | E8: COS-PA-08 | F8: Pantaló d’intervenció lleuger | G8: Sí | H8: =IF(OR(VLOOKUP(A8,Personal!$A$6:$F$112,5,FALSE())<>"Sí",N8="No aplica"),0,'Catàleg GRAE'!D7) -> 1 | P8: =IF(I8="","",I8-H8) | Q8: =IF(B8="","",IF(N8="No aplica","No aplica",IF(I8="","Pendent",IF(N8="Per substituir","Substituir",IF(OR(N8="No localitzat",N8="No lliurat"),"Reposar",IF(I8<H8,"Reposar",IF(I8>H8,"Revisar excedent",IF(AND(G8="Sí",M8<>"",M8<TODAY()),"EPI caducat",IF(AND(G8="Sí",M8<>"",M8<=TODAY()+90),"EPI caduca ≤90 dies",IF(OR(N8="Deteriorat usable",N8="Revisió necessària"),"Revisar","OK"))))))))))
A9: 1 | B9: =IFERROR(VLOOKUP(A9,Personal!$A$6:$F$112,2,FALSE()),"") -> 0 | C9: =IFERROR(VLOOKUP(A9,Personal!$A$6:$F$112,3,FALSE()),"") -> Olot | D9: Uniformitat | E9: COS-SA-01 | F9: Samarreta | G9: No | H9: =IF(OR(VLOOKUP(A9,Personal!$A$6:$F$112,5,FALSE())<>"Sí",N9="No aplica"),0,'Catàleg GRAE'!D8) -> 2 | P9: =IF(I9="","",I9-H9) | Q9: =IF(B9="","",IF(N9="No aplica","No aplica",IF(I9="","Pendent",IF(N9="Per substituir","Substituir",IF(OR(N9="No localitzat",N9="No lliurat"),"Reposar",IF(I9<H9,"Reposar",IF(I9>H9,"Revisar excedent",IF(AND(G9="Sí",M9<>"",M9<TODAY()),"EPI caducat",IF(AND(G9="Sí",M9<>"",M9<=TODAY()+90),"EPI caduca ≤90 dies",IF(OR(N9="Deteriorat usable",N9="Revisió necessària"),"Revisar","OK"))))))))))
A10: 1 | B10: =IFERROR(VLOOKUP(A10,Personal!$A$6:$F$112,2,FALSE()),"") -> 0 | C10: =IFERROR(VLOOKUP(A10,Personal!$A$6:$F$112,3,FALSE()),"") -> Olot | D10: Uniformitat | E10: COS-CI-01 | F10: Cinturó de treball | G10: No | H10: =IF(OR(VLOOKUP(A10,Personal!$A$6:$F$112,5,FALSE())<>"Sí",N10="No aplica"),0,'Catàleg GRAE'!D9) -> 1 | P10: =IF(I10="","",I10-H10) | Q10: =IF(B10="","",IF(N10="No aplica","No aplica",IF(I10="","Pendent",IF(N10="Per substituir","Substituir",IF(OR(N10="No localitzat",N10="No lliurat"),"Reposar",IF(I10<H10,"Reposar",IF(I10>H10,"Revisar excedent",IF(AND(G10="Sí",M10<>"",M10<TODAY()),"EPI caducat",IF(AND(G10="Sí",M10<>"",M10<=TODAY()+90),"EPI caduca ≤90 dies",IF(OR(N10="Deteriorat usable",N10="Revisió necessària"),"Revisar","OK"))))))))))
A11: 1 | B11: =IFERROR(VLOOKUP(A11,Personal!$A$6:$F$112,2,FALSE()),"") -> 0 | C11: =IFERROR(VLOOKUP(A11,Personal!$A$6:$F$112,3,FALSE()),"") -> Olot | D11: Transport | E11: MAT-BO-01 / MAT-BO-07 | F11: Bossa de transport amb motxilla | G11: No | H11: =IF(OR(VLOOKUP(A11,Personal!$A$6:$F$112,5,FALSE())<>"Sí",N11="No aplica"),0,'Catàleg GRAE'!D10) -> 1 | P11: =IF(I11="","",I11-H11) | Q11: =IF(B11="","",IF(N11="No aplica","No aplica",IF(I11="","Pendent",IF(N11="Per substituir","Substituir",IF(OR(N11="No localitzat",N11="No lliurat"),"Reposar",IF(I11<H11,"Reposar",IF(I11>H11,"Revisar excedent",IF(AND(G11="Sí",M11<>"",M11<TODAY()),"EPI caducat",IF(AND(G11="Sí",M11<>"",M11<=TODAY()+90),"EPI caduca ≤90 dies",IF(OR(N11="Deteriorat usable",N11="Revisió necessària"),"Revisar","OK"))))))))))
A12: 1 | B12: =IFERROR(VLOOKUP(A12,Personal!$A$6:$F$112,2,FALSE()),"") -> 0 | C12: =IFERROR(VLOOKUP(A12,Personal!$A$6:$F$112,3,FALSE()),"") -> Olot | D12: Protecció | E12: MAN-FO-01 | F12: Guants de protecció en incendis forestals | G12: Sí | H12: =IF(OR(VLOOKUP(A12,Personal!$A$6:$F$112,5,FALSE())<>"Sí",N12="No aplica"),0,'Catàleg GRAE'!D11) -> 1 | P12: =IF(I12="","",I12-H12) | Q12: =IF(B12="","",IF(N12="No aplica","No aplica",IF(I12="","Pendent",IF(N12="Per substituir","Substituir",IF(OR(N12="No localitzat",N12="No lliurat"),"Reposar",IF(I12<H12,"Reposar",IF(I12>H12,"Revisar excedent",IF(AND(G12="Sí",M12<>"",M12<TODAY()),"EPI caducat",IF(AND(G12="Sí",M12<>"",M12<=TODAY()+90),"EPI caduca ≤90 dies",IF(OR(N12="Deteriorat usable",N12="Revisió necessària"),"Revisar","OK"))))))))))
A13: 1 | B13: =IFERROR(VLOOKUP(A13,Personal!$A$6:$F$112,2,FALSE()),"") -> 0 | C13: =IFERROR(VLOOKUP(A13,Personal!$A$6:$F$112,3,FALSE()),"") -> Olot | D13: Protecció | E13: CAP-MA-04 | F13: Mascareta autofiltrant FFP3 | G13: Sí | H13: =IF(OR(VLOOKUP(A13,Personal!$A$6:$F$112,5,FALSE())<>"Sí",N13="No aplica"),0,'Catàleg GRAE'!D12) -> 1 | P13: =IF(I13="","",I13-H13) | Q13: =IF(B13="","",IF(N13="No aplica","No aplica",IF(I13="","Pendent",IF(N13="Per substituir","Substituir",IF(OR(N13="No localitzat",N13="No lliurat"),"Reposar",IF(I13<H13,"Reposar",IF(I13>H13,"Revisar excedent",IF(AND(G13="Sí",M13<>"",M13<TODAY()),"EPI caducat",IF(AND(G13="Sí",M13<>"",M13<=TODAY()+90),"EPI caduca ≤90 dies",IF(OR(N13="Deteriorat usable",N13="Revisió necessària"),"Revisar","OK"))))))))))
A14: 1 | B14: =IFERROR(VLOOKUP(A14,Personal!$A$6:$F$112,2,FALSE()),"") -> 0 | C14: =IFERROR(VLOOKUP(A14,Personal!$A$6:$F$112,3,FALSE()),"") -> Olot | D14: Esport | E14: COS-DE-02 | F14: Dessuadora d’esport | G14: No | H14: =IF(OR(VLOOKUP(A14,Personal!$A$6:$F$112,5,FALSE())<>"Sí",N14="No aplica"),0,'Catàleg GRAE'!D13) -> 1 | P14: =IF(I14="","",I14-H14) | Q14: =IF(B14="","",IF(N14="No aplica","No aplica",IF(I14="","Pendent",IF(N14="Per substituir","Substituir",IF(OR(N14="No localitzat",N14="No lliurat"),"Reposar",IF(I14<H14,"Reposar",IF(I14>H14,"Revisar excedent",IF(AND(G14="Sí",M14<>"",M14<TODAY()),"EPI caducat",IF(AND(G14="Sí",M14<>"",M14<=TODAY()+90),"EPI caduca ≤90 dies",IF(OR(N14="Deteriorat usable",N14="Revisió necessària"),"Revisar","OK"))))))))))
A15: 1 | B15: =IFERROR(VLOOKUP(A15,Personal!$A$6:$F$112,2,FALSE()),"") -> 0 | C15: =IFERROR(VLOOKUP(A15,Personal!$A$6:$F$112,3,FALSE()),"") -> Olot | D15: Esport | E15: COS-PA-10 | F15: Pantaló llarg d’esport | G15: No | H15: =IF(OR(VLOOKUP(A15,Personal!$A$6:$F$112,5,FALSE())<>"Sí",N15="No aplica"),0,'Catàleg GRAE'!D14) -> 1 | P15: =IF(I15="","",I15-H15) | Q15: =IF(B15="","",IF(N15="No aplica","No aplica",IF(I15="","Pendent",IF(N15="Per substituir","Substituir",IF(OR(N15="No localitzat",N15="No lliurat"),"Reposar",IF(I15<H15,"Reposar",IF(I15>H15,"Revisar excedent",IF(AND(G15="Sí",M15<>"",M15<TODAY()),"EPI caducat",IF(AND(G15="Sí",M15<>"",M15<=TODAY()+90),"EPI caduca ≤90 dies",IF(OR(N15="Deteriorat usable",N15="Revisió necessària"),"Revisar","OK"))))))))))
A16: 1 | B16: =IFERROR(VLOOKUP(A16,Personal!$A$6:$F$112,2,FALSE()),"") -> 0 | C16: =IFERROR(VLOOKUP(A16,Personal!$A$6:$F$112,3,FALSE()),"") -> Olot | D16: Esport | E16: COS-PA-07 | F16: Pantaló curt d’esport | G16: No | H16: =IF(OR(VLOOKUP(A16,Personal!$A$6:$F$112,5,FALSE())<>"Sí",N16="No aplica"),0,'Catàleg GRAE'!D15) -> 1 | P16: =IF(I16="","",I16-H16) | Q16: =IF(B16="","",IF(N16="No aplica","No aplica",IF(I16="","Pendent",IF(N16="Per substituir","Substituir",IF(OR(N16="No localitzat",N16="No lliurat"),"Reposar",IF(I16<H16,"Reposar",IF(I16>H16,"Revisar excedent",IF(AND(G16="Sí",M16<>"",M16<TODAY()),"EPI caducat",IF(AND(G16="Sí",M16<>"",M16<=TODAY()+90),"EPI caduca ≤90 dies",IF(OR(N16="Deteriorat usable",N16="Revisió necessària"),"Revisar","OK"))))))))))
A17: 1 | B17: =IFERROR(VLOOKUP(A17,Personal!$A$6:$F$112,2,FALSE()),"") -> 0 | C17: =IFERROR(VLOOKUP(A17,Personal!$A$6:$F$112,3,FALSE()),"") -> Olot | D17: Esport | E17: COS-SA-02 | F17: Samarreta d’esport | G17: No | H17: =IF(OR(VLOOKUP(A17,Personal!$A$6:$F$112,5,FALSE())<>"Sí",N17="No aplica"),0,'Catàleg GRAE'!D16) -> 1 | P17: =IF(I17="","",I17-H17) | Q17: =IF(B17="","",IF(N17="No aplica","No aplica",IF(I17="","Pendent",IF(N17="Per substituir","Substituir",IF(OR(N17="No localitzat",N17="No lliurat"),"Reposar",IF(I17<H17,"Reposar",IF(I17>H17,"Revisar excedent",IF(AND(G17="Sí",M17<>"",M17<TODAY()),"EPI caducat",IF(AND(G17="Sí",M17<>"",M17<=TODAY()+90),"EPI caduca ≤90 dies",IF(OR(N17="Deteriorat usable",N17="Revisió necessària"),"Revisar","OK"))))))))))
... A114: 1 | B114: =IFERROR(VLOOKUP(A114,Personal!$A$6:$F$112,2,FALSE()),"") -> 0 | C114: =IFERROR(VLOOKUP(A114,Personal!$A$6:$F$112,3,FALSE()),"") -> Olot | D114: Aquàtic | E114: MAT-CO-42 | F114: Banyador corporatiu GRAE | G114: No | H114: =IF(OR(VLOOKUP(A114,Personal!$A$6:$F$112,5,FALSE())<>"Sí",N114="No aplica"),0,'Catàleg GRAE'!D113) -> 1 | P114: =IF(I114="","",I114-H114) | Q114: =IF(B114="","",IF(N114="No aplica","No aplica",IF(I114="","Pendent",IF(N114="Per substituir","Substituir",IF(OR(N114="No localitzat",N114="No lliurat"),"Reposar",IF(I114<H114,"Reposar",IF(I114>H114,"Revisar excedent",IF(AND(G114="Sí",M114<>"",M114<TODAY()),"EPI caducat",IF(AND(G114="Sí",M114<>"",M114<=TODAY()+90),"EPI caduca ≤90 dies",IF(OR(N114="Deteriorat usable",N114="Revisió necessària"),"Revisar","OK"))))))))))
A115: 2 | B115: =IFERROR(VLOOKUP(A115,Personal!$A$6:$F$112,2,FALSE()),"") -> 0 | C115: =IFERROR(VLOOKUP(A115,Personal!$A$6:$F$112,3,FALSE()),"") -> Olot | D115: Uniformitat | E115: COS-PO-02 | F115: Polo màniga curta blau marí (bomber/a) | G115: No | H115: =IF(OR(VLOOKUP(A115,Personal!$A$6:$F$112,5,FALSE())<>"Sí",N115="No aplica"),0,'Catàleg GRAE'!D5) -> 1 | P115: =IF(I115="","",I115-H115) | Q115: =IF(B115="","",IF(N115="No aplica","No aplica",IF(I115="","Pendent",IF(N115="Per substituir","Substituir",IF(OR(N115="No localitzat",N115="No lliurat"),"Reposar",IF(I115<H115,"Reposar",IF(I115>H115,"Revisar excedent",IF(AND(G115="Sí",M115<>"",M115<TODAY()),"EPI caducat",IF(AND(G115="Sí",M115<>"",M115<=TODAY()+90),"EPI caduca ≤90 dies",IF(OR(N115="Deteriorat usable",N115="Revisió necessària"),"Revisar","OK"))))))))))
A116: 2 | B116: =IFERROR(VLOOKUP(A116,Personal!$A$6:$F$112,2,FALSE()),"") -> 0 | C116: =IFERROR(VLOOKUP(A116,Personal!$A$6:$F$112,3,FALSE()),"") -> Olot | D116: Uniformitat | E116: COS-PO-02 | F116: Polo màniga llarga blau marí (bomber/a) | G116: No | H116: =IF(OR(VLOOKUP(A116,Personal!$A$6:$F$112,5,FALSE())<>"Sí",N116="No aplica"),0,'Catàleg GRAE'!D6) -> 1 | P116: =IF(I116="","",I116-H116) | Q116: =IF(B116="","",IF(N116="No aplica","No aplica",IF(I116="","Pendent",IF(N116="Per substituir","Substituir",IF(OR(N116="No localitzat",N116="No lliurat"),"Reposar",IF(I116<H116,"Reposar",IF(I116>H116,"Revisar excedent",IF(AND(G116="Sí",M116<>"",M116<TODAY()),"EPI caducat",IF(AND(G116="Sí",M116<>"",M116<=TODAY()+90),"EPI caduca ≤90 dies",IF(OR(N116="Deteriorat usable",N116="Revisió necessària"),"Revisar","OK"))))))))))
A117: 2 | B117: =IFERROR(VLOOKUP(A117,Personal!$A$6:$F$112,2,FALSE()),"") -> 0 | C117: =IFERROR(VLOOKUP(A117,Personal!$A$6:$F$112,3,FALSE()),"") -> Olot | D117: Uniformitat | E117: COS-PA-08 | F117: Pantaló d’intervenció lleuger | G117: Sí | H117: =IF(OR(VLOOKUP(A117,Personal!$A$6:$F$112,5,FALSE())<>"Sí",N117="No aplica"),0,'Catàleg GRAE'!D7) -> 1 | P117: =IF(I117="","",I117-H117) | Q117: =IF(B117="","",IF(N117="No aplica","No aplica",IF(I117="","Pendent",IF(N117="Per substituir","Substituir",IF(OR(N117="No localitzat",N117="No lliurat"),"Reposar",IF(I117<H117,"Reposar",IF(I117>H117,"Revisar excedent",IF(AND(G117="Sí",M117<>"",M117<TODAY()),"EPI caducat",IF(AND(G117="Sí",M117<>"",M117<=TODAY()+90),"EPI caduca ≤90 dies",IF(OR(N117="Deteriorat usable",N117="Revisió necessària"),"Revisar","OK"))))))))))
A118: 2 | B118: =IFERROR(VLOOKUP(A118,Personal!$A$6:$F$112,2,FALSE()),"") -> 0 | C118: =IFERROR(VLOOKUP(A118,Personal!$A$6:$F$112,3,FALSE()),"") -> Olot | D118: Uniformitat | E118: COS-SA-01 | F118: Samarreta | G118: No | H118: =IF(OR(VLOOKUP(A118,Personal!$A$6:$F$112,5,FALSE())<>"Sí",N118="No aplica"),0,'Catàleg GRAE'!D8) -> 2 | P118: =IF(I118="","",I118-H118) | Q118: =IF(B118="","",IF(N118="No aplica","No aplica",IF(I118="","Pendent",IF(N118="Per substituir","Substituir",IF(OR(N118="No localitzat",N118="No lliurat"),"Reposar",IF(I118<H118,"Reposar",IF(I118>H118,"Revisar excedent",IF(AND(G118="Sí",M118<>"",M118<TODAY()),"EPI caducat",IF(AND(G118="Sí",M118<>"",M118<=TODAY()+90),"EPI caduca ≤90 dies",IF(OR(N118="Deteriorat usable",N118="Revisió necessària"),"Revisar","OK"))))))))))
A119: 2 | B119: =IFERROR(VLOOKUP(A119,Personal!$A$6:$F$112,2,FALSE()),"") -> 0 | C119: =IFERROR(VLOOKUP(A119,Personal!$A$6:$F$112,3,FALSE()),"") -> Olot | D119: Uniformitat | E119: COS-CI-01 | F119: Cinturó de treball | G119: No | H119: =IF(OR(VLOOKUP(A119,Personal!$A$6:$F$112,5,FALSE())<>"Sí",N119="No aplica"),0,'Catàleg GRAE'!D9) -> 1 | P119: =IF(I119="","",I119-H119) | Q119: =IF(B119="","",IF(N119="No aplica","No aplica",IF(I119="","Pendent",IF(N119="Per substituir","Substituir",IF(OR(N119="No localitzat",N119="No lliurat"),"Reposar",IF(I119<H119,"Reposar",IF(I119>H119,"Revisar excedent",IF(AND(G119="Sí",M119<>"",M119<TODAY()),"EPI caducat",IF(AND(G119="Sí",M119<>"",M119<=TODAY()+90),"EPI caduca ≤90 dies",IF(OR(N119="Deteriorat usable",N119="Revisió necessària"),"Revisar","OK"))))))))))
A120: 2 | B120: =IFERROR(VLOOKUP(A120,Personal!$A$6:$F$112,2,FALSE()),"") -> 0 | C120: =IFERROR(VLOOKUP(A120,Personal!$A$6:$F$112,3,FALSE()),"") -> Olot | D120: Transport | E120: MAT-BO-01 / MAT-BO-07 | F120: Bossa de transport amb motxilla | G120: No | H120: =IF(OR(VLOOKUP(A120,Personal!$A$6:$F$112,5,FALSE())<>"Sí",N120="No aplica"),0,'Catàleg GRAE'!D10) -> 1 | P120: =IF(I120="","",I120-H120) | Q120: =IF(B120="","",IF(N120="No aplica","No aplica",IF(I120="","Pendent",IF(N120="Per substituir","Substituir",IF(OR(N120="No localitzat",N120="No lliurat"),"Reposar",IF(I120<H120,"Reposar",IF(I120>H120,"Revisar excedent",IF(AND(G120="Sí",M120<>"",M120<TODAY()),"EPI caducat",IF(AND(G120="Sí",M120<>"",M120<=TODAY()+90),"EPI caduca ≤90 dies",IF(OR(N120="Deteriorat usable",N120="Revisió necessària"),"Revisar","OK"))))))))))
A121: 2 | B121: =IFERROR(VLOOKUP(A121,Personal!$A$6:$F$112,2,FALSE()),"") -> 0 | C121: =IFERROR(VLOOKUP(A121,Personal!$A$6:$F$112,3,FALSE()),"") -> Olot | D121: Protecció | E121: MAN-FO-01 | F121: Guants de protecció en incendis forestals | G121: Sí | H121: =IF(OR(VLOOKUP(A121,Personal!$A$6:$F$112,5,FALSE())<>"Sí",N121="No aplica"),0,'Catàleg GRAE'!D11) -> 1 | P121: =IF(I121="","",I121-H121) | Q121: =IF(B121="","",IF(N121="No aplica","No aplica",IF(I121="","Pendent",IF(N121="Per substituir","Substituir",IF(OR(N121="No localitzat",N121="No lliurat"),"Reposar",IF(I121<H121,"Reposar",IF(I121>H121,"Revisar excedent",IF(AND(G121="Sí",M121<>"",M121<TODAY()),"EPI caducat",IF(AND(G121="Sí",M121<>"",M121<=TODAY()+90),"EPI caduca ≤90 dies",IF(OR(N121="Deteriorat usable",N121="Revisió necessària"),"Revisar","OK"))))))))))
A122: 2 | B122: =IFERROR(VLOOKUP(A122,Personal!$A$6:$F$112,2,FALSE()),"") -> 0 | C122: =IFERROR(VLOOKUP(A122,Personal!$A$6:$F$112,3,FALSE()),"") -> Olot | D122: Protecció | E122: CAP-MA-04 | F122: Mascareta autofiltrant FFP3 | G122: Sí | H122: =IF(OR(VLOOKUP(A122,Personal!$A$6:$F$112,5,FALSE())<>"Sí",N122="No aplica"),0,'Catàleg GRAE'!D12) -> 1 | P122: =IF(I122="","",I122-H122) | Q122: =IF(B122="","",IF(N122="No aplica","No aplica",IF(I122="","Pendent",IF(N122="Per substituir","Substituir",IF(OR(N122="No localitzat",N122="No lliurat"),"Reposar",IF(I122<H122,"Reposar",IF(I122>H122,"Revisar excedent",IF(AND(G122="Sí",M122<>"",M122<TODAY()),"EPI caducat",IF(AND(G122="Sí",M122<>"",M122<=TODAY()+90),"EPI caduca ≤90 dies",IF(OR(N122="Deteriorat usable",N122="Revisió necessària"),"Revisar","OK"))))))))))
A123: 2 | B123: =IFERROR(VLOOKUP(A123,Personal!$A$6:$F$112,2,FALSE()),"") -> 0 | C123: =IFERROR(VLOOKUP(A123,Personal!$A$6:$F$112,3,FALSE()),"") -> Olot | D123: Esport | E123: COS-DE-02 | F123: Dessuadora d’esport | G123: No | H123: =IF(OR(VLOOKUP(A123,Personal!$A$6:$F$112,5,FALSE())<>"Sí",N123="No aplica"),0,'Catàleg GRAE'!D13) -> 1 | P123: =IF(I123="","",I123-H123) | Q123: =IF(B123="","",IF(N123="No aplica","No aplica",IF(I123="","Pendent",IF(N123="Per substituir","Substituir",IF(OR(N123="No localitzat",N123="No lliurat"),"Reposar",IF(I123<H123,"Reposar",IF(I123>H123,"Revisar excedent",IF(AND(G123="Sí",M123<>"",M123<TODAY()),"EPI caducat",IF(AND(G123="Sí",M123<>"",M123<=TODAY()+90),"EPI caduca ≤90 dies",IF(OR(N123="Deteriorat usable",N123="Revisió necessària"),"Revisar","OK"))))))))))
A124: 2 | B124: =IFERROR(VLOOKUP(A124,Personal!$A$6:$F$112,2,FALSE()),"") -> 0 | C124: =IFERROR(VLOOKUP(A124,Personal!$A$6:$F$112,3,FALSE()),"") -> Olot | D124: Esport | E124: COS-PA-10 | F124: Pantaló llarg d’esport | G124: No | H124: =IF(OR(VLOOKUP(A124,Personal!$A$6:$F$112,5,FALSE())<>"Sí",N124="No aplica"),0,'Catàleg GRAE'!D14) -> 1 | P124: =IF(I124="","",I124-H124) | Q124: =IF(B124="","",IF(N124="No aplica","No aplica",IF(I124="","Pendent",IF(N124="Per substituir","Substituir",IF(OR(N124="No localitzat",N124="No lliurat"),"Reposar",IF(I124<H124,"Reposar",IF(I124>H124,"Revisar excedent",IF(AND(G124="Sí",M124<>"",M124<TODAY()),"EPI caducat",IF(AND(G124="Sí",M124<>"",M124<=TODAY()+90),"EPI caduca ≤90 dies",IF(OR(N124="Deteriorat usable",N124="Revisió necessària"),"Revisar","OK"))))))))))
A125: 2 | B125: =IFERROR(VLOOKUP(A125,Personal!$A$6:$F$112,2,FALSE()),"") -> 0 | C125: =IFERROR(VLOOKUP(A125,Personal!$A$6:$F$112,3,FALSE()),"") -> Olot | D125: Esport | E125: COS-PA-07 | F125: Pantaló curt d’esport | G125: No | H125: =IF(OR(VLOOKUP(A125,Personal!$A$6:$F$112,5,FALSE())<>"Sí",N125="No aplica"),0,'Catàleg GRAE'!D15) -> 1 | P125: =IF(I125="","",I125-H125) | Q125: =IF(B125="","",IF(N125="No aplica","No aplica",IF(I125="","Pendent",IF(N125="Per substituir","Substituir",IF(OR(N125="No localitzat",N125="No lliurat"),"Reposar",IF(I125<H125,"Reposar",IF(I125>H125,"Revisar excedent",IF(AND(G125="Sí",M125<>"",M125<TODAY()),"EPI caducat",IF(AND(G125="Sí",M125<>"",M125<=TODAY()+90),"EPI caduca ≤90 dies",IF(OR(N125="Deteriorat usable",N125="Revisió necessària"),"Revisar","OK"))))))))))
A126: 2 | B126: =IFERROR(VLOOKUP(A126,Personal!$A$6:$F$112,2,FALSE()),"") -> 0 | C126: =IFERROR(VLOOKUP(A126,Personal!$A$6:$F$112,3,FALSE()),"") -> Olot | D126: Esport | E126: COS-SA-02 | F126: Samarreta d’esport | G126: No | H126: =IF(OR(VLOOKUP(A126,Personal!$A$6:$F$112,5,FALSE())<>"Sí",N126="No aplica"),0,'Catàleg GRAE'!D16) -> 1 | P126: =IF(I126="","",I126-H126) | Q126: =IF(B126="","",IF(N126="No aplica","No aplica",IF(I126="","Pendent",IF(N126="Per substituir","Substituir",IF(OR(N126="No localitzat",N126="No lliurat"),"Reposar",IF(I126<H126,"Reposar",IF(I126>H126,"Revisar excedent",IF(AND(G126="Sí",M126<>"",M126<TODAY()),"EPI caducat",IF(AND(G126="Sí",M126<>"",M126<=TODAY()+90),"EPI caduca ≤90 dies",IF(OR(N126="Deteriorat usable",N126="Revisió necessària"),"Revisar","OK"))))))))))
... A223: 2 | B223: =IFERROR(VLOOKUP(A223,Personal!$A$6:$F$112,2,FALSE()),"") -> 0 | C223: =IFERROR(VLOOKUP(A223,Personal!$A$6:$F$112,3,FALSE()),"") -> Olot | D223: Aquàtic | E223: MAT-CO-42 | F223: Banyador corporatiu GRAE | G223: No | H223: =IF(OR(VLOOKUP(A223,Personal!$A$6:$F$112,5,FALSE())<>"Sí",N223="No aplica"),0,'Catàleg GRAE'!D113) -> 1 | P223: =IF(I223="","",I223-H223) | Q223: =IF(B223="","",IF(N223="No aplica","No aplica",IF(I223="","Pendent",IF(N223="Per substituir","Substituir",IF(OR(N223="No localitzat",N223="No lliurat"),"Reposar",IF(I223<H223,"Reposar",IF(I223>H223,"Revisar excedent",IF(AND(G223="Sí",M223<>"",M223<TODAY()),"EPI caducat",IF(AND(G223="Sí",M223<>"",M223<=TODAY()+90),"EPI caduca ≤90 dies",IF(OR(N223="Deteriorat usable",N223="Revisió necessària"),"Revisar","OK"))))))))))
A224: 3 | B224: =IFERROR(VLOOKUP(A224,Personal!$A$6:$F$112,2,FALSE()),"") -> 0 | C224: =IFERROR(VLOOKUP(A224,Personal!$A$6:$F$112,3,FALSE()),"") -> Olot | D224: Uniformitat | E224: COS-PO-02 | F224: Polo màniga curta blau marí (bomber/a) | G224: No | H224: =IF(OR(VLOOKUP(A224,Personal!$A$6:$F$112,5,FALSE())<>"Sí",N224="No aplica"),0,'Catàleg GRAE'!D5) -> 1 | P224: =IF(I224="","",I224-H224) | Q224: =IF(B224="","",IF(N224="No aplica","No aplica",IF(I224="","Pendent",IF(N224="Per substituir","Substituir",IF(OR(N224="No localitzat",N224="No lliurat"),"Reposar",IF(I224<H224,"Reposar",IF(I224>H224,"Revisar excedent",IF(AND(G224="Sí",M224<>"",M224<TODAY()),"EPI caducat",IF(AND(G224="Sí",M224<>"",M224<=TODAY()+90),"EPI caduca ≤90 dies",IF(OR(N224="Deteriorat usable",N224="Revisió necessària"),"Revisar","OK"))))))))))
A225: 3 | B225: =IFERROR(VLOOKUP(A225,Personal!$A$6:$F$112,2,FALSE()),"") -> 0 | C225: =IFERROR(VLOOKUP(A225,Personal!$A$6:$F$112,3,FALSE()),"") -> Olot | D225: Uniformitat | E225: COS-PO-02 | F225: Polo màniga llarga blau marí (bomber/a) | G225: No | H225: =IF(OR(VLOOKUP(A225,Personal!$A$6:$F$112,5,FALSE())<>"Sí",N225="No aplica"),0,'Catàleg GRAE'!D6) -> 1 | P225: =IF(I225="","",I225-H225) | Q225: =IF(B225="","",IF(N225="No aplica","No aplica",IF(I225="","Pendent",IF(N225="Per substituir","Substituir",IF(OR(N225="No localitzat",N225="No lliurat"),"Reposar",IF(I225<H225,"Reposar",IF(I225>H225,"Revisar excedent",IF(AND(G225="Sí",M225<>"",M225<TODAY()),"EPI caducat",IF(AND(G225="Sí",M225<>"",M225<=TODAY()+90),"EPI caduca ≤90 dies",IF(OR(N225="Deteriorat usable",N225="Revisió necessària"),"Revisar","OK"))))))))))
A226: 3 | B226: =IFERROR(VLOOKUP(A226,Personal!$A$6:$F$112,2,FALSE()),"") -> 0 | C226: =IFERROR(VLOOKUP(A226,Personal!$A$6:$F$112,3,FALSE()),"") -> Olot | D226: Uniformitat | E226: COS-PA-08 | F226: Pantaló d’intervenció lleuger | G226: Sí | H226: =IF(OR(VLOOKUP(A226,Personal!$A$6:$F$112,5,FALSE())<>"Sí",N226="No aplica"),0,'Catàleg GRAE'!D7) -> 1 | P226: =IF(I226="","",I226-H226) | Q226: =IF(B226="","",IF(N226="No aplica","No aplica",IF(I226="","Pendent",IF(N226="Per substituir","Substituir",IF(OR(N226="No localitzat",N226="No lliurat"),"Reposar",IF(I226<H226,"Reposar",IF(I226>H226,"Revisar excedent",IF(AND(G226="Sí",M226<>"",M226<TODAY()),"EPI caducat",IF(AND(G226="Sí",M226<>"",M226<=TODAY()+90),"EPI caduca ≤90 dies",IF(OR(N226="Deteriorat usable",N226="Revisió necessària"),"Revisar","OK"))))))))))
A227: 3 | B227: =IFERROR(VLOOKUP(A227,Personal!$A$6:$F$112,2,FALSE()),"") -> 0 | C227: =IFERROR(VLOOKUP(A227,Personal!$A$6:$F$112,3,FALSE()),"") -> Olot | D227: Uniformitat | E227: COS-SA-01 | F227: Samarreta | G227: No | H227: =IF(OR(VLOOKUP(A227,Personal!$A$6:$F$112,5,FALSE())<>"Sí",N227="No aplica"),0,'Catàleg GRAE'!D8) -> 2 | P227: =IF(I227="","",I227-H227) | Q227: =IF(B227="","",IF(N227="No aplica","No aplica",IF(I227="","Pendent",IF(N227="Per substituir","Substituir",IF(OR(N227="No localitzat",N227="No lliurat"),"Reposar",IF(I227<H227,"Reposar",IF(I227>H227,"Revisar excedent",IF(AND(G227="Sí",M227<>"",M227<TODAY()),"EPI caducat",IF(AND(G227="Sí",M227<>"",M227<=TODAY()+90),"EPI caduca ≤90 dies",IF(OR(N227="Deteriorat usable",N227="Revisió necessària"),"Revisar","OK"))))))))))
A228: 3 | B228: =IFERROR(VLOOKUP(A228,Personal!$A$6:$F$112,2,FALSE()),"") -> 0 | C228: =IFERROR(VLOOKUP(A228,Personal!$A$6:$F$112,3,FALSE()),"") -> Olot | D228: Uniformitat | E228: COS-CI-01 | F228: Cinturó de treball | G228: No | H228: =IF(OR(VLOOKUP(A228,Personal!$A$6:$F$112,5,FALSE())<>"Sí",N228="No aplica"),0,'Catàleg GRAE'!D9) -> 1 | P228: =IF(I228="","",I228-H228) | Q228: =IF(B228="","",IF(N228="No aplica","No aplica",IF(I228="","Pendent",IF(N228="Per substituir","Substituir",IF(OR(N228="No localitzat",N228="No lliurat"),"Reposar",IF(I228<H228,"Reposar",IF(I228>H228,"Revisar excedent",IF(AND(G228="Sí",M228<>"",M228<TODAY()),"EPI caducat",IF(AND(G228="Sí",M228<>"",M228<=TODAY()+90),"EPI caduca ≤90 dies",IF(OR(N228="Deteriorat usable",N228="Revisió necessària"),"Revisar","OK"))))))))))
A229: 3 | B229: =IFERROR(VLOOKUP(A229,Personal!$A$6:$F$112,2,FALSE()),"") -> 0 | C229: =IFERROR(VLOOKUP(A229,Personal!$A$6:$F$112,3,FALSE()),"") -> Olot | D229: Transport | E229: MAT-BO-01 / MAT-BO-07 | F229: Bossa de transport amb motxilla | G229: No | H229: =IF(OR(VLOOKUP(A229,Personal!$A$6:$F$112,5,FALSE())<>"Sí",N229="No aplica"),0,'Catàleg GRAE'!D10) -> 1 | P229: =IF(I229="","",I229-H229) | Q229: =IF(B229="","",IF(N229="No aplica","No aplica",IF(I229="","Pendent",IF(N229="Per substituir","Substituir",IF(OR(N229="No localitzat",N229="No lliurat"),"Reposar",IF(I229<H229,"Reposar",IF(I229>H229,"Revisar excedent",IF(AND(G229="Sí",M229<>"",M229<TODAY()),"EPI caducat",IF(AND(G229="Sí",M229<>"",M229<=TODAY()+90),"EPI caduca ≤90 dies",IF(OR(N229="Deteriorat usable",N229="Revisió necessària"),"Revisar","OK"))))))))))
A230: 3 | B230: =IFERROR(VLOOKUP(A230,Personal!$A$6:$F$112,2,FALSE()),"") -> 0 | C230: =IFERROR(VLOOKUP(A230,Personal!$A$6:$F$112,3,FALSE()),"") -> Olot | D230: Protecció | E230: MAN-FO-01 | F230: Guants de protecció en incendis forestals | G230: Sí | H230: =IF(OR(VLOOKUP(A230,Personal!$A$6:$F$112,5,FALSE())<>"Sí",N230="No aplica"),0,'Catàleg GRAE'!D11) -> 1 | P230: =IF(I230="","",I230-H230) | Q230: =IF(B230="","",IF(N230="No aplica","No aplica",IF(I230="","Pendent",IF(N230="Per substituir","Substituir",IF(OR(N230="No localitzat",N230="No lliurat"),"Reposar",IF(I230<H230,"Reposar",IF(I230>H230,"Revisar excedent",IF(AND(G230="Sí",M230<>"",M230<TODAY()),"EPI caducat",IF(AND(G230="Sí",M230<>"",M230<=TODAY()+90),"EPI caduca ≤90 dies",IF(OR(N230="Deteriorat usable",N230="Revisió necessària"),"Revisar","OK"))))))))))
A231: 3 | B231: =IFERROR(VLOOKUP(A231,Personal!$A$6:$F$112,2,FALSE()),"") -> 0 | C231: =IFERROR(VLOOKUP(A231,Personal!$A$6:$F$112,3,FALSE()),"") -> Olot | D231: Protecció | E231: CAP-MA-04 | F231: Mascareta autofiltrant FFP3 | G231: Sí | H231: =IF(OR(VLOOKUP(A231,Personal!$A$6:$F$112,5,FALSE())<>"Sí",N231="No aplica"),0,'Catàleg GRAE'!D12) -> 1 | P231: =IF(I231="","",I231-H231) | Q231: =IF(B231="","",IF(N231="No aplica","No aplica",IF(I231="","Pendent",IF(N231="Per substituir","Substituir",IF(OR(N231="No localitzat",N231="No lliurat"),"Reposar",IF(I231<H231,"Reposar",IF(I231>H231,"Revisar excedent",IF(AND(G231="Sí",M231<>"",M231<TODAY()),"EPI caducat",IF(AND(G231="Sí",M231<>"",M231<=TODAY()+90),"EPI caduca ≤90 dies",IF(OR(N231="Deteriorat usable",N231="Revisió necessària"),"Revisar","OK"))))))))))
A232: 3 | B232: =IFERROR(VLOOKUP(A232,Personal!$A$6:$F$112,2,FALSE()),"") -> 0 | C232: =IFERROR(VLOOKUP(A232,Personal!$A$6:$F$112,3,FALSE()),"") -> Olot | D232: Esport | E232: COS-DE-02 | F232: Dessuadora d’esport | G232: No | H232: =IF(OR(VLOOKUP(A232,Personal!$A$6:$F$112,5,FALSE())<>"Sí",N232="No aplica"),0,'Catàleg GRAE'!D13) -> 1 | P232: =IF(I232="","",I232-H232) | Q232: =IF(B232="","",IF(N232="No aplica","No aplica",IF(I232="","Pendent",IF(N232="Per substituir","Substituir",IF(OR(N232="No localitzat",N232="No lliurat"),"Reposar",IF(I232<H232,"Reposar",IF(I232>H232,"Revisar excedent",IF(AND(G232="Sí",M232<>"",M232<TODAY()),"EPI caducat",IF(AND(G232="Sí",M232<>"",M232<=TODAY()+90),"EPI caduca ≤90 dies",IF(OR(N232="Deteriorat usable",N232="Revisió necessària"),"Revisar","OK"))))))))))
A233: 3 | B233: =IFERROR(VLOOKUP(A233,Personal!$A$6:$F$112,2,FALSE()),"") -> 0 | C233: =IFERROR(VLOOKUP(A233,Personal!$A$6:$F$112,3,FALSE()),"") -> Olot | D233: Esport | E233: COS-PA-10 | F233: Pantaló llarg d’esport | G233: No | H233: =IF(OR(VLOOKUP(A233,Personal!$A$6:$F$112,5,FALSE())<>"Sí",N233="No aplica"),0,'Catàleg GRAE'!D14) -> 1 | P233: =IF(I233="","",I233-H233) | Q233: =IF(B233="","",IF(N233="No aplica","No aplica",IF(I233="","Pendent",IF(N233="Per substituir","Substituir",IF(OR(N233="No localitzat",N233="No lliurat"),"Reposar",IF(I233<H233,"Reposar",IF(I233>H233,"Revisar excedent",IF(AND(G233="Sí",M233<>"",M233<TODAY()),"EPI caducat",IF(AND(G233="Sí",M233<>"",M233<=TODAY()+90),"EPI caduca ≤90 dies",IF(OR(N233="Deteriorat usable",N233="Revisió necessària"),"Revisar","OK"))))))))))
A234: 3 | B234: =IFERROR(VLOOKUP(A234,Personal!$A$6:$F$112,2,FALSE()),"") -> 0 | C234: =IFERROR(VLOOKUP(A234,Personal!$A$6:$F$112,3,FALSE()),"") -> Olot | D234: Esport | E234: COS-PA-07 | F234: Pantaló curt d’esport | G234: No | H234: =IF(OR(VLOOKUP(A234,Personal!$A$6:$F$112,5,FALSE())<>"Sí",N234="No aplica"),0,'Catàleg GRAE'!D15) -> 1 | P234: =IF(I234="","",I234-H234) | Q234: =IF(B234="","",IF(N234="No aplica","No aplica",IF(I234="","Pendent",IF(N234="Per substituir","Substituir",IF(OR(N234="No localitzat",N234="No lliurat"),"Reposar",IF(I234<H234,"Reposar",IF(I234>H234,"Revisar excedent",IF(AND(G234="Sí",M234<>"",M234<TODAY()),"EPI caducat",IF(AND(G234="Sí",M234<>"",M234<=TODAY()+90),"EPI caduca ≤90 dies",IF(OR(N234="Deteriorat usable",N234="Revisió necessària"),"Revisar","OK"))))))))))
A235: 3 | B235: =IFERROR(VLOOKUP(A235,Personal!$A$6:$F$112,2,FALSE()),"") -> 0 | C235: =IFERROR(VLOOKUP(A235,Personal!$A$6:$F$112,3,FALSE()),"") -> Olot | D235: Esport | E235: COS-SA-02 | F235: Samarreta d’esport | G235: No | H235: =IF(OR(VLOOKUP(A235,Personal!$A$6:$F$112,5,FALSE())<>"Sí",N235="No aplica"),0,'Catàleg GRAE'!D16) -> 1 | P235: =IF(I235="","",I235-H235) | Q235: =IF(B235="","",IF(N235="No aplica","No aplica",IF(I235="","Pendent",IF(N235="Per substituir","Substituir",IF(OR(N235="No localitzat",N235="No lliurat"),"Reposar",IF(I235<H235,"Reposar",IF(I235>H235,"Revisar excedent",IF(AND(G235="Sí",M235<>"",M235<TODAY()),"EPI caducat",IF(AND(G235="Sí",M235<>"",M235<=TODAY()+90),"EPI caduca ≤90 dies",IF(OR(N235="Deteriorat usable",N235="Revisió necessària"),"Revisar","OK"))))))))))
... A332: 3 | B332: =IFERROR(VLOOKUP(A332,Personal!$A$6:$F$112,2,FALSE()),"") -> 0 | C332: =IFERROR(VLOOKUP(A332,Personal!$A$6:$F$112,3,FALSE()),"") -> Olot | D332: Aquàtic | E332: MAT-CO-42 | F332: Banyador corporatiu GRAE | G332: No | H332: =IF(OR(VLOOKUP(A332,Personal!$A$6:$F$112,5,FALSE())<>"Sí",N332="No aplica"),0,'Catàleg GRAE'!D113) -> 1 | P332: =IF(I332="","",I332-H332) | Q332: =IF(B332="","",IF(N332="No aplica","No aplica",IF(I332="","Pendent",IF(N332="Per substituir","Substituir",IF(OR(N332="No localitzat",N332="No lliurat"),"Reposar",IF(I332<H332,"Reposar",IF(I332>H332,"Revisar excedent",IF(AND(G332="Sí",M332<>"",M332<TODAY()),"EPI caducat",IF(AND(G332="Sí",M332<>"",M332<=TODAY()+90),"EPI caduca ≤90 dies",IF(OR(N332="Deteriorat usable",N332="Revisió necessària"),"Revisar","OK"))))))))))
A333: 4 | B333: =IFERROR(VLOOKUP(A333,Personal!$A$6:$F$112,2,FALSE()),"") -> 0 | C333: =IFERROR(VLOOKUP(A333,Personal!$A$6:$F$112,3,FALSE()),"") -> Olot | D333: Uniformitat | E333: COS-PO-02 | F333: Polo màniga curta blau marí (bomber/a) | G333: No | H333: =IF(OR(VLOOKUP(A333,Personal!$A$6:$F$112,5,FALSE())<>"Sí",N333="No aplica"),0,'Catàleg GRAE'!D5) -> 1 | P333: =IF(I333="","",I333-H333) | Q333: =IF(B333="","",IF(N333="No aplica","No aplica",IF(I333="","Pendent",IF(N333="Per substituir","Substituir",IF(OR(N333="No localitzat",N333="No lliurat"),"Reposar",IF(I333<H333,"Reposar",IF(I333>H333,"Revisar excedent",IF(AND(G333="Sí",M333<>"",M333<TODAY()),"EPI caducat",IF(AND(G333="Sí",M333<>"",M333<=TODAY()+90),"EPI caduca ≤90 dies",IF(OR(N333="Deteriorat usable",N333="Revisió necessària"),"Revisar","OK"))))))))))
A334: 4 | B334: =IFERROR(VLOOKUP(A334,Personal!$A$6:$F$112,2,FALSE()),"") -> 0 | C334: =IFERROR(VLOOKUP(A334,Personal!$A$6:$F$112,3,FALSE()),"") -> Olot | D334: Uniformitat | E334: COS-PO-02 | F334: Polo màniga llarga blau marí (bomber/a) | G334: No | H334: =IF(OR(VLOOKUP(A334,Personal!$A$6:$F$112,5,FALSE())<>"Sí",N334="No aplica"),0,'Catàleg GRAE'!D6) -> 1 | P334: =IF(I334="","",I334-H334) | Q334: =IF(B334="","",IF(N334="No aplica","No aplica",IF(I334="","Pendent",IF(N334="Per substituir","Substituir",IF(OR(N334="No localitzat",N334="No lliurat"),"Reposar",IF(I334<H334,"Reposar",IF(I334>H334,"Revisar excedent",IF(AND(G334="Sí",M334<>"",M334<TODAY()),"EPI caducat",IF(AND(G334="Sí",M334<>"",M334<=TODAY()+90),"EPI caduca ≤90 dies",IF(OR(N334="Deteriorat usable",N334="Revisió necessària"),"Revisar","OK"))))))))))
A335: 4 | B335: =IFERROR(VLOOKUP(A335,Personal!$A$6:$F$112,2,FALSE()),"") -> 0 | C335: =IFERROR(VLOOKUP(A335,Personal!$A$6:$F$112,3,FALSE()),"") -> Olot | D335: Uniformitat | E335: COS-PA-08 | F335: Pantaló d’intervenció lleuger | G335: Sí | H335: =IF(OR(VLOOKUP(A335,Personal!$A$6:$F$112,5,FALSE())<>"Sí",N335="No aplica"),0,'Catàleg GRAE'!D7) -> 1 | P335: =IF(I335="","",I335-H335) | Q335: =IF(B335="","",IF(N335="No aplica","No aplica",IF(I335="","Pendent",IF(N335="Per substituir","Substituir",IF(OR(N335="No localitzat",N335="No lliurat"),"Reposar",IF(I335<H335,"Reposar",IF(I335>H335,"Revisar excedent",IF(AND(G335="Sí",M335<>"",M335<TODAY()),"EPI caducat",IF(AND(G335="Sí",M335<>"",M335<=TODAY()+90),"EPI caduca ≤90 dies",IF(OR(N335="Deteriorat usable",N335="Revisió necessària"),"Revisar","OK"))))))))))
A336: 4 | B336: =IFERROR(VLOOKUP(A336,Personal!$A$6:$F$112,2,FALSE()),"") -> 0 | C336: =IFERROR(VLOOKUP(A336,Personal!$A$6:$F$112,3,FALSE()),"") -> Olot | D336: Uniformitat | E336: COS-SA-01 | F336: Samarreta | G336: No | H336: =IF(OR(VLOOKUP(A336,Personal!$A$6:$F$112,5,FALSE())<>"Sí",N336="No aplica"),0,'Catàleg GRAE'!D8) -> 2 | P336: =IF(I336="","",I336-H336) | Q336: =IF(B336="","",IF(N336="No aplica","No aplica",IF(I336="","Pendent",IF(N336="Per substituir","Substituir",IF(OR(N336="No localitzat",N336="No lliurat"),"Reposar",IF(I336<H336,"Reposar",IF(I336>H336,"Revisar excedent",IF(AND(G336="Sí",M336<>"",M336<TODAY()),"EPI caducat",IF(AND(G336="Sí",M336<>"",M336<=TODAY()+90),"EPI caduca ≤90 dies",IF(OR(N336="Deteriorat usable",N336="Revisió necessària"),"Revisar","OK"))))))))))
A337: 4 | B337: =IFERROR(VLOOKUP(A337,Personal!$A$6:$F$112,2,FALSE()),"") -> 0 | C337: =IFERROR(VLOOKUP(A337,Personal!$A$6:$F$112,3,FALSE()),"") -> Olot | D337: Uniformitat | E337: COS-CI-01 | F337: Cinturó de treball | G337: No | H337: =IF(OR(VLOOKUP(A337,Personal!$A$6:$F$112,5,FALSE())<>"Sí",N337="No aplica"),0,'Catàleg GRAE'!D9) -> 1 | P337: =IF(I337="","",I337-H337) | Q337: =IF(B337="","",IF(N337="No aplica","No aplica",IF(I337="","Pendent",IF(N337="Per substituir","Substituir",IF(OR(N337="No localitzat",N337="No lliurat"),"Reposar",IF(I337<H337,"Reposar",IF(I337>H337,"Revisar excedent",IF(AND(G337="Sí",M337<>"",M337<TODAY()),"EPI caducat",IF(AND(G337="Sí",M337<>"",M337<=TODAY()+90),"EPI caduca ≤90 dies",IF(OR(N337="Deteriorat usable",N337="Revisió necessària"),"Revisar","OK"))))))))))
A338: 4 | B338: =IFERROR(VLOOKUP(A338,Personal!$A$6:$F$112,2,FALSE()),"") -> 0 | C338: =IFERROR(VLOOKUP(A338,Personal!$A$6:$F$112,3,FALSE()),"") -> Olot | D338: Transport | E338: MAT-BO-01 / MAT-BO-07 | F338: Bossa de transport amb motxilla | G338: No | H338: =IF(OR(VLOOKUP(A338,Personal!$A$6:$F$112,5,FALSE())<>"Sí",N338="No aplica"),0,'Catàleg GRAE'!D10) -> 1 | P338: =IF(I338="","",I338-H338) | Q338: =IF(B338="","",IF(N338="No aplica","No aplica",IF(I338="","Pendent",IF(N338="Per substituir","Substituir",IF(OR(N338="No localitzat",N338="No lliurat"),"Reposar",IF(I338<H338,"Reposar",IF(I338>H338,"Revisar excedent",IF(AND(G338="Sí",M338<>"",M338<TODAY()),"EPI caducat",IF(AND(G338="Sí",M338<>"",M338<=TODAY()+90),"EPI caduca ≤90 dies",IF(OR(N338="Deteriorat usable",N338="Revisió necessària"),"Revisar","OK"))))))))))
A339: 4 | B339: =IFERROR(VLOOKUP(A339,Personal!$A$6:$F$112,2,FALSE()),"") -> 0 | C339: =IFERROR(VLOOKUP(A339,Personal!$A$6:$F$112,3,FALSE()),"") -> Olot | D339: Protecció | E339: MAN-FO-01 | F339: Guants de protecció en incendis forestals | G339: Sí | H339: =IF(OR(VLOOKUP(A339,Personal!$A$6:$F$112,5,FALSE())<>"Sí",N339="No aplica"),0,'Catàleg GRAE'!D11) -> 1 | P339: =IF(I339="","",I339-H339) | Q339: =IF(B339="","",IF(N339="No aplica","No aplica",IF(I339="","Pendent",IF(N339="Per substituir","Substituir",IF(OR(N339="No localitzat",N339="No lliurat"),"Reposar",IF(I339<H339,"Reposar",IF(I339>H339,"Revisar excedent",IF(AND(G339="Sí",M339<>"",M339<TODAY()),"EPI caducat",IF(AND(G339="Sí",M339<>"",M339<=TODAY()+90),"EPI caduca ≤90 dies",IF(OR(N339="Deteriorat usable",N339="Revisió necessària"),"Revisar","OK"))))))))))
A340: 4 | B340: =IFERROR(VLOOKUP(A340,Personal!$A$6:$F$112,2,FALSE()),"") -> 0 | C340: =IFERROR(VLOOKUP(A340,Personal!$A$6:$F$112,3,FALSE()),"") -> Olot | D340: Protecció | E340: CAP-MA-04 | F340: Mascareta autofiltrant FFP3 | G340: Sí | H340: =IF(OR(VLOOKUP(A340,Personal!$A$6:$F$112,5,FALSE())<>"Sí",N340="No aplica"),0,'Catàleg GRAE'!D12) -> 1 | P340: =IF(I340="","",I340-H340) | Q340: =IF(B340="","",IF(N340="No aplica","No aplica",IF(I340="","Pendent",IF(N340="Per substituir","Substituir",IF(OR(N340="No localitzat",N340="No lliurat"),"Reposar",IF(I340<H340,"Reposar",IF(I340>H340,"Revisar excedent",IF(AND(G340="Sí",M340<>"",M340<TODAY()),"EPI caducat",IF(AND(G340="Sí",M340<>"",M340<=TODAY()+90),"EPI caduca ≤90 dies",IF(OR(N340="Deteriorat usable",N340="Revisió necessària"),"Revisar","OK"))))))))))
A341: 4 | B341: =IFERROR(VLOOKUP(A341,Personal!$A$6:$F$112,2,FALSE()),"") -> 0 | C341: =IFERROR(VLOOKUP(A341,Personal!$A$6:$F$112,3,FALSE()),"") -> Olot | D341: Esport | E341: COS-DE-02 | F341: Dessuadora d’esport | G341: No | H341: =IF(OR(VLOOKUP(A341,Personal!$A$6:$F$112,5,FALSE())<>"Sí",N341="No aplica"),0,'Catàleg GRAE'!D13) -> 1 | P341: =IF(I341="","",I341-H341) | Q341: =IF(B341="","",IF(N341="No aplica","No aplica",IF(I341="","Pendent",IF(N341="Per substituir","Substituir",IF(OR(N341="No localitzat",N341="No lliurat"),"Reposar",IF(I341<H341,"Reposar",IF(I341>H341,"Revisar excedent",IF(AND(G341="Sí",M341<>"",M341<TODAY()),"EPI caducat",IF(AND(G341="Sí",M341<>"",M341<=TODAY()+90),"EPI caduca ≤90 dies",IF(OR(N341="Deteriorat usable",N341="Revisió necessària"),"Revisar","OK"))))))))))
A342: 4 | B342: =IFERROR(VLOOKUP(A342,Personal!$A$6:$F$112,2,FALSE()),"") -> 0 | C342: =IFERROR(VLOOKUP(A342,Personal!$A$6:$F$112,3,FALSE()),"") -> Olot | D342: Esport | E342: COS-PA-10 | F342: Pantaló llarg d’esport | G342: No | H342: =IF(OR(VLOOKUP(A342,Personal!$A$6:$F$112,5,FALSE())<>"Sí",N342="No aplica"),0,'Catàleg GRAE'!D14) -> 1 | P342: =IF(I342="","",I342-H342) | Q342: =IF(B342="","",IF(N342="No aplica","No aplica",IF(I342="","Pendent",IF(N342="Per substituir","Substituir",IF(OR(N342="No localitzat",N342="No lliurat"),"Reposar",IF(I342<H342,"Reposar",IF(I342>H342,"Revisar excedent",IF(AND(G342="Sí",M342<>"",M342<TODAY()),"EPI caducat",IF(AND(G342="Sí",M342<>"",M342<=TODAY()+90),"EPI caduca ≤90 dies",IF(OR(N342="Deteriorat usable",N342="Revisió necessària"),"Revisar","OK"))))))))))
A343: 4 | B343: =IFERROR(VLOOKUP(A343,Personal!$A$6:$F$112,2,FALSE()),"") -> 0 | C343: =IFERROR(VLOOKUP(A343,Personal!$A$6:$F$112,3,FALSE()),"") -> Olot | D343: Esport | E343: COS-PA-07 | F343: Pantaló curt d’esport | G343: No | H343: =IF(OR(VLOOKUP(A343,Personal!$A$6:$F$112,5,FALSE())<>"Sí",N343="No aplica"),0,'Catàleg GRAE'!D15) -> 1 | P343: =IF(I343="","",I343-H343) | Q343: =IF(B343="","",IF(N343="No aplica","No aplica",IF(I343="","Pendent",IF(N343="Per substituir","Substituir",IF(OR(N343="No localitzat",N343="No lliurat"),"Reposar",IF(I343<H343,"Reposar",IF(I343>H343,"Revisar excedent",IF(AND(G343="Sí",M343<>"",M343<TODAY()),"EPI caducat",IF(AND(G343="Sí",M343<>"",M343<=TODAY()+90),"EPI caduca ≤90 dies",IF(OR(N343="Deteriorat usable",N343="Revisió necessària"),"Revisar","OK"))))))))))
A344: 4 | B344: =IFERROR(VLOOKUP(A344,Personal!$A$6:$F$112,2,FALSE()),"") -> 0 | C344: =IFERROR(VLOOKUP(A344,Personal!$A$6:$F$112,3,FALSE()),"") -> Olot | D344: Esport | E344: COS-SA-02 | F344: Samarreta d’esport | G344: No | H344: =IF(OR(VLOOKUP(A344,Personal!$A$6:$F$112,5,FALSE())<>"Sí",N344="No aplica"),0,'Catàleg GRAE'!D16) -> 1 | P344: =IF(I344="","",I344-H344) | Q344: =IF(B344="","",IF(N344="No aplica","No aplica",IF(I344="","Pendent",IF(N344="Per substituir","Substituir",IF(OR(N344="No localitzat",N344="No lliurat"),"Reposar",IF(I344<H344,"Reposar",IF(I344>H344,"Revisar excedent",IF(AND(G344="Sí",M344<>"",M344<TODAY()),"EPI caducat",IF(AND(G344="Sí",M344<>"",M344<=TODAY()+90),"EPI caduca ≤90 dies",IF(OR(N344="Deteriorat usable",N344="Revisió necessària"),"Revisar","OK"))))))))))
... A441: 4 | B441: =IFERROR(VLOOKUP(A441,Personal!$A$6:$F$112,2,FALSE()),"") -> 0 | C441: =IFERROR(VLOOKUP(A441,Personal!$A$6:$F$112,3,FALSE()),"") -> Olot | D441: Aquàtic | E441: MAT-CO-42 | F441: Banyador corporatiu GRAE | G441: No | H441: =IF(OR(VLOOKUP(A441,Personal!$A$6:$F$112,5,FALSE())<>"Sí",N441="No aplica"),0,'Catàleg GRAE'!D113) -> 1 | P441: =IF(I441="","",I441-H441) | Q441: =IF(B441="","",IF(N441="No aplica","No aplica",IF(I441="","Pendent",IF(N441="Per substituir","Substituir",IF(OR(N441="No localitzat",N441="No lliurat"),"Reposar",IF(I441<H441,"Reposar",IF(I441>H441,"Revisar excedent",IF(AND(G441="Sí",M441<>"",M441<TODAY()),"EPI caducat",IF(AND(G441="Sí",M441<>"",M441<=TODAY()+90),"EPI caduca ≤90 dies",IF(OR(N441="Deteriorat usable",N441="Revisió necessària"),"Revisar","OK"))))))))))
A442: 5 | B442: =IFERROR(VLOOKUP(A442,Personal!$A$6:$F$112,2,FALSE()),"") -> 0 | C442: =IFERROR(VLOOKUP(A442,Personal!$A$6:$F$112,3,FALSE()),"") -> Olot | D442: Uniformitat | E442: COS-PO-02 | F442: Polo màniga curta blau marí (bomber/a) | G442: No | H442: =IF(OR(VLOOKUP(A442,Personal!$A$6:$F$112,5,FALSE())<>"Sí",N442="No aplica"),0,'Catàleg GRAE'!D5) -> 1 | P442: =IF(I442="","",I442-H442) | Q442: =IF(B442="","",IF(N442="No aplica","No aplica",IF(I442="","Pendent",IF(N442="Per substituir","Substituir",IF(OR(N442="No localitzat",N442="No lliurat"),"Reposar",IF(I442<H442,"Reposar",IF(I442>H442,"Revisar excedent",IF(AND(G442="Sí",M442<>"",M442<TODAY()),"EPI caducat",IF(AND(G442="Sí",M442<>"",M442<=TODAY()+90),"EPI caduca ≤90 dies",IF(OR(N442="Deteriorat usable",N442="Revisió necessària"),"Revisar","OK"))))))))))
A443: 5 | B443: =IFERROR(VLOOKUP(A443,Personal!$A$6:$F$112,2,FALSE()),"") -> 0 | C443: =IFERROR(VLOOKUP(A443,Personal!$A$6:$F$112,3,FALSE()),"") -> Olot | D443: Uniformitat | E443: COS-PO-02 | F443: Polo màniga llarga blau marí (bomber/a) | G443: No | H443: =IF(OR(VLOOKUP(A443,Personal!$A$6:$F$112,5,FALSE())<>"Sí",N443="No aplica"),0,'Catàleg GRAE'!D6) -> 1 | P443: =IF(I443="","",I443-H443) | Q443: =IF(B443="","",IF(N443="No aplica","No aplica",IF(I443="","Pendent",IF(N443="Per substituir","Substituir",IF(OR(N443="No localitzat",N443="No lliurat"),"Reposar",IF(I443<H443,"Reposar",IF(I443>H443,"Revisar excedent",IF(AND(G443="Sí",M443<>"",M443<TODAY()),"EPI caducat",IF(AND(G443="Sí",M443<>"",M443<=TODAY()+90),"EPI caduca ≤90 dies",IF(OR(N443="Deteriorat usable",N443="Revisió necessària"),"Revisar","OK"))))))))))
A444: 5 | B444: =IFERROR(VLOOKUP(A444,Personal!$A$6:$F$112,2,FALSE()),"") -> 0 | C444: =IFERROR(VLOOKUP(A444,Personal!$A$6:$F$112,3,FALSE()),"") -> Olot | D444: Uniformitat | E444: COS-PA-08 | F444: Pantaló d’intervenció lleuger | G444: Sí | H444: =IF(OR(VLOOKUP(A444,Personal!$A$6:$F$112,5,FALSE())<>"Sí",N444="No aplica"),0,'Catàleg GRAE'!D7) -> 1 | P444: =IF(I444="","",I444-H444) | Q444: =IF(B444="","",IF(N444="No aplica","No aplica",IF(I444="","Pendent",IF(N444="Per substituir","Substituir",IF(OR(N444="No localitzat",N444="No lliurat"),"Reposar",IF(I444<H444,"Reposar",IF(I444>H444,"Revisar excedent",IF(AND(G444="Sí",M444<>"",M444<TODAY()),"EPI caducat",IF(AND(G444="Sí",M444<>"",M444<=TODAY()+90),"EPI caduca ≤90 dies",IF(OR(N444="Deteriorat usable",N444="Revisió necessària"),"Revisar","OK"))))))))))
A445: 5 | B445: =IFERROR(VLOOKUP(A445,Personal!$A$6:$F$112,2,FALSE()),"") -> 0 | C445: =IFERROR(VLOOKUP(A445,Personal!$A$6:$F$112,3,FALSE()),"") -> Olot | D445: Uniformitat | E445: COS-SA-01 | F445: Samarreta | G445: No | H445: =IF(OR(VLOOKUP(A445,Personal!$A$6:$F$112,5,FALSE())<>"Sí",N445="No aplica"),0,'Catàleg GRAE'!D8) -> 2 | P445: =IF(I445="","",I445-H445) | Q445: =IF(B445="","",IF(N445="No aplica","No aplica",IF(I445="","Pendent",IF(N445="Per substituir","Substituir",IF(OR(N445="No localitzat",N445="No lliurat"),"Reposar",IF(I445<H445,"Reposar",IF(I445>H445,"Revisar excedent",IF(AND(G445="Sí",M445<>"",M445<TODAY()),"EPI caducat",IF(AND(G445="Sí",M445<>"",M445<=TODAY()+90),"EPI caduca ≤90 dies",IF(OR(N445="Deteriorat usable",N445="Revisió necessària"),"Revisar","OK"))))))))))
A446: 5 | B446: =IFERROR(VLOOKUP(A446,Personal!$A$6:$F$112,2,FALSE()),"") -> 0 | C446: =IFERROR(VLOOKUP(A446,Personal!$A$6:$F$112,3,FALSE()),"") -> Olot | D446: Uniformitat | E446: COS-CI-01 | F446: Cinturó de treball | G446: No | H446: =IF(OR(VLOOKUP(A446,Personal!$A$6:$F$112,5,FALSE())<>"Sí",N446="No aplica"),0,'Catàleg GRAE'!D9) -> 1 | P446: =IF(I446="","",I446-H446) | Q446: =IF(B446="","",IF(N446="No aplica","No aplica",IF(I446="","Pendent",IF(N446="Per substituir","Substituir",IF(OR(N446="No localitzat",N446="No lliurat"),"Reposar",IF(I446<H446,"Reposar",IF(I446>H446,"Revisar excedent",IF(AND(G446="Sí",M446<>"",M446<TODAY()),"EPI caducat",IF(AND(G446="Sí",M446<>"",M446<=TODAY()+90),"EPI caduca ≤90 dies",IF(OR(N446="Deteriorat usable",N446="Revisió necessària"),"Revisar","OK"))))))))))
A447: 5 | B447: =IFERROR(VLOOKUP(A447,Personal!$A$6:$F$112,2,FALSE()),"") -> 0 | C447: =IFERROR(VLOOKUP(A447,Personal!$A$6:$F$112,3,FALSE()),"") -> Olot | D447: Transport | E447: MAT-BO-01 / MAT-BO-07 | F447: Bossa de transport amb motxilla | G447: No | H447: =IF(OR(VLOOKUP(A447,Personal!$A$6:$F$112,5,FALSE())<>"Sí",N447="No aplica"),0,'Catàleg GRAE'!D10) -> 1 | P447: =IF(I447="","",I447-H447) | Q447: =IF(B447="","",IF(N447="No aplica","No aplica",IF(I447="","Pendent",IF(N447="Per substituir","Substituir",IF(OR(N447="No localitzat",N447="No lliurat"),"Reposar",IF(I447<H447,"Reposar",IF(I447>H447,"Revisar excedent",IF(AND(G447="Sí",M447<>"",M447<TODAY()),"EPI caducat",IF(AND(G447="Sí",M447<>"",M447<=TODAY()+90),"EPI caduca ≤90 dies",IF(OR(N447="Deteriorat usable",N447="Revisió necessària"),"Revisar","OK"))))))))))
A448: 5 | B448: =IFERROR(VLOOKUP(A448,Personal!$A$6:$F$112,2,FALSE()),"") -> 0 | C448: =IFERROR(VLOOKUP(A448,Personal!$A$6:$F$112,3,FALSE()),"") -> Olot | D448: Protecció | E448: MAN-FO-01 | F448: Guants de protecció en incendis forestals | G448: Sí | H448: =IF(OR(VLOOKUP(A448,Personal!$A$6:$F$112,5,FALSE())<>"Sí",N448="No aplica"),0,'Catàleg GRAE'!D11) -> 1 | P448: =IF(I448="","",I448-H448) | Q448: =IF(B448="","",IF(N448="No aplica","No aplica",IF(I448="","Pendent",IF(N448="Per substituir","Substituir",IF(OR(N448="No localitzat",N448="No lliurat"),"Reposar",IF(I448<H448,"Reposar",IF(I448>H448,"Revisar excedent",IF(AND(G448="Sí",M448<>"",M448<TODAY()),"EPI caducat",IF(AND(G448="Sí",M448<>"",M448<=TODAY()+90),"EPI caduca ≤90 dies",IF(OR(N448="Deteriorat usable",N448="Revisió necessària"),"Revisar","OK"))))))))))
A449: 5 | B449: =IFERROR(VLOOKUP(A449,Personal!$A$6:$F$112,2,FALSE()),"") -> 0 | C449: =IFERROR(VLOOKUP(A449,Personal!$A$6:$F$112,3,FALSE()),"") -> Olot | D449: Protecció | E449: CAP-MA-04 | F449: Mascareta autofiltrant FFP3 | G449: Sí | H449: =IF(OR(VLOOKUP(A449,Personal!$A$6:$F$112,5,FALSE())<>"Sí",N449="No aplica"),0,'Catàleg GRAE'!D12) -> 1 | P449: =IF(I449="","",I449-H449) | Q449: =IF(B449="","",IF(N449="No aplica","No aplica",IF(I449="","Pendent",IF(N449="Per substituir","Substituir",IF(OR(N449="No localitzat",N449="No lliurat"),"Reposar",IF(I449<H449,"Reposar",IF(I449>H449,"Revisar excedent",IF(AND(G449="Sí",M449<>"",M449<TODAY()),"EPI caducat",IF(AND(G449="Sí",M449<>"",M449<=TODAY()+90),"EPI caduca ≤90 dies",IF(OR(N449="Deteriorat usable",N449="Revisió necessària"),"Revisar","OK"))))))))))
A450: 5 | B450: =IFERROR(VLOOKUP(A450,Personal!$A$6:$F$112,2,FALSE()),"") -> 0 | C450: =IFERROR(VLOOKUP(A450,Personal!$A$6:$F$112,3,FALSE()),"") -> Olot | D450: Esport | E450: COS-DE-02 | F450: Dessuadora d’esport | G450: No | H450: =IF(OR(VLOOKUP(A450,Personal!$A$6:$F$112,5,FALSE())<>"Sí",N450="No aplica"),0,'Catàleg GRAE'!D13) -> 1 | P450: =IF(I450="","",I450-H450) | Q450: =IF(B450="","",IF(N450="No aplica","No aplica",IF(I450="","Pendent",IF(N450="Per substituir","Substituir",IF(OR(N450="No localitzat",N450="No lliurat"),"Reposar",IF(I450<H450,"Reposar",IF(I450>H450,"Revisar excedent",IF(AND(G450="Sí",M450<>"",M450<TODAY()),"EPI caducat",IF(AND(G450="Sí",M450<>"",M450<=TODAY()+90),"EPI caduca ≤90 dies",IF(OR(N450="Deteriorat usable",N450="Revisió necessària"),"Revisar","OK"))))))))))
A451: 5 | B451: =IFERROR(VLOOKUP(A451,Personal!$A$6:$F$112,2,FALSE()),"") -> 0 | C451: =IFERROR(VLOOKUP(A451,Personal!$A$6:$F$112,3,FALSE()),"") -> Olot | D451: Esport | E451: COS-PA-10 | F451: Pantaló llarg d’esport | G451: No | H451: =IF(OR(VLOOKUP(A451,Personal!$A$6:$F$112,5,FALSE())<>"Sí",N451="No aplica"),0,'Catàleg GRAE'!D14) -> 1 | P451: =IF(I451="","",I451-H451) | Q451: =IF(B451="","",IF(N451="No aplica","No aplica",IF(I451="","Pendent",IF(N451="Per substituir","Substituir",IF(OR(N451="No localitzat",N451="No lliurat"),"Reposar",IF(I451<H451,"Reposar",IF(I451>H451,"Revisar excedent",IF(AND(G451="Sí",M451<>"",M451<TODAY()),"EPI caducat",IF(AND(G451="Sí",M451<>"",M451<=TODAY()+90),"EPI caduca ≤90 dies",IF(OR(N451="Deteriorat usable",N451="Revisió necessària"),"Revisar","OK"))))))))))
A452: 5 | B452: =IFERROR(VLOOKUP(A452,Personal!$A$6:$F$112,2,FALSE()),"") -> 0 | C452: =IFERROR(VLOOKUP(A452,Personal!$A$6:$F$112,3,FALSE()),"") -> Olot | D452: Esport | E452: COS-PA-07 | F452: Pantaló curt d’esport | G452: No | H452: =IF(OR(VLOOKUP(A452,Personal!$A$6:$F$112,5,FALSE())<>"Sí",N452="No aplica"),0,'Catàleg GRAE'!D15) -> 1 | P452: =IF(I452="","",I452-H452) | Q452: =IF(B452="","",IF(N452="No aplica","No aplica",IF(I452="","Pendent",IF(N452="Per substituir","Substituir",IF(OR(N452="No localitzat",N452="No lliurat"),"Reposar",IF(I452<H452,"Reposar",IF(I452>H452,"Revisar excedent",IF(AND(G452="Sí",M452<>"",M452<TODAY()),"EPI caducat",IF(AND(G452="Sí",M452<>"",M452<=TODAY()+90),"EPI caduca ≤90 dies",IF(OR(N452="Deteriorat usable",N452="Revisió necessària"),"Revisar","OK"))))))))))
A453: 5 | B453: =IFERROR(VLOOKUP(A453,Personal!$A$6:$F$112,2,FALSE()),"") -> 0 | C453: =IFERROR(VLOOKUP(A453,Personal!$A$6:$F$112,3,FALSE()),"") -> Olot | D453: Esport | E453: COS-SA-02 | F453: Samarreta d’esport | G453: No | H453: =IF(OR(VLOOKUP(A453,Personal!$A$6:$F$112,5,FALSE())<>"Sí",N453="No aplica"),0,'Catàleg GRAE'!D16) -> 1 | P453: =IF(I453="","",I453-H453) | Q453: =IF(B453="","",IF(N453="No aplica","No aplica",IF(I453="","Pendent",IF(N453="Per substituir","Substituir",IF(OR(N453="No localitzat",N453="No lliurat"),"Reposar",IF(I453<H453,"Reposar",IF(I453>H453,"Revisar excedent",IF(AND(G453="Sí",M453<>"",M453<TODAY()),"EPI caducat",IF(AND(G453="Sí",M453<>"",M453<=TODAY()+90),"EPI caduca ≤90 dies",IF(OR(N453="Deteriorat usable",N453="Revisió necessària"),"Revisar","OK"))))))))))
... A550: 5 | B550: =IFERROR(VLOOKUP(A550,Personal!$A$6:$F$112,2,FALSE()),"") -> 0 | C550: =IFERROR(VLOOKUP(A550,Personal!$A$6:$F$112,3,FALSE()),"") -> Olot | D550: Aquàtic | E550: MAT-CO-42 | F550: Banyador corporatiu GRAE | G550: No | H550: =IF(OR(VLOOKUP(A550,Personal!$A$6:$F$112,5,FALSE())<>"Sí",N550="No aplica"),0,'Catàleg GRAE'!D113) -> 1 | P550: =IF(I550="","",I550-H550) | Q550: =IF(B550="","",IF(N550="No aplica","No aplica",IF(I550="","Pendent",IF(N550="Per substituir","Substituir",IF(OR(N550="No localitzat",N550="No lliurat"),"Reposar",IF(I550<H550,"Reposar",IF(I550>H550,"Revisar excedent",IF(AND(G550="Sí",M550<>"",M550<TODAY()),"EPI caducat",IF(AND(G550="Sí",M550<>"",M550<=TODAY()+90),"EPI caduca ≤90 dies",IF(OR(N550="Deteriorat usable",N550="Revisió necessària"),"Revisar","OK"))))))))))
A551: 6 | B551: =IFERROR(VLOOKUP(A551,Personal!$A$6:$F$112,2,FALSE()),"") -> 0 | C551: =IFERROR(VLOOKUP(A551,Personal!$A$6:$F$112,3,FALSE()),"") -> Olot | D551: Uniformitat | E551: COS-PO-02 | F551: Polo màniga curta blau marí (bomber/a) | G551: No | H551: =IF(OR(VLOOKUP(A551,Personal!$A$6:$F$112,5,FALSE())<>"Sí",N551="No aplica"),0,'Catàleg GRAE'!D5) -> 1 | P551: =IF(I551="","",I551-H551) | Q551: =IF(B551="","",IF(N551="No aplica","No aplica",IF(I551="","Pendent",IF(N551="Per substituir","Substituir",IF(OR(N551="No localitzat",N551="No lliurat"),"Reposar",IF(I551<H551,"Reposar",IF(I551>H551,"Revisar excedent",IF(AND(G551="Sí",M551<>"",M551<TODAY()),"EPI caducat",IF(AND(G551="Sí",M551<>"",M551<=TODAY()+90),"EPI caduca ≤90 dies",IF(OR(N551="Deteriorat usable",N551="Revisió necessària"),"Revisar","OK"))))))))))
A552: 6 | B552: =IFERROR(VLOOKUP(A552,Personal!$A$6:$F$112,2,FALSE()),"") -> 0 | C552: =IFERROR(VLOOKUP(A552,Personal!$A$6:$F$112,3,FALSE()),"") -> Olot | D552: Uniformitat | E552: COS-PO-02 | F552: Polo màniga llarga blau marí (bomber/a) | G552: No | H552: =IF(OR(VLOOKUP(A552,Personal!$A$6:$F$112,5,FALSE())<>"Sí",N552="No aplica"),0,'Catàleg GRAE'!D6) -> 1 | P552: =IF(I552="","",I552-H552) | Q552: =IF(B552="","",IF(N552="No aplica","No aplica",IF(I552="","Pendent",IF(N552="Per substituir","Substituir",IF(OR(N552="No localitzat",N552="No lliurat"),"Reposar",IF(I552<H552,"Reposar",IF(I552>H552,"Revisar excedent",IF(AND(G552="Sí",M552<>"",M552<TODAY()),"EPI caducat",IF(AND(G552="Sí",M552<>"",M552<=TODAY()+90),"EPI caduca ≤90 dies",IF(OR(N552="Deteriorat usable",N552="Revisió necessària"),"Revisar","OK"))))))))))
A553: 6 | B553: =IFERROR(VLOOKUP(A553,Personal!$A$6:$F$112,2,FALSE()),"") -> 0 | C553: =IFERROR(VLOOKUP(A553,Personal!$A$6:$F$112,3,FALSE()),"") -> Olot | D553: Uniformitat | E553: COS-PA-08 | F553: Pantaló d’intervenció lleuger | G553: Sí | H553: =IF(OR(VLOOKUP(A553,Personal!$A$6:$F$112,5,FALSE())<>"Sí",N553="No aplica"),0,'Catàleg GRAE'!D7) -> 1 | P553: =IF(I553="","",I553-H553) | Q553: =IF(B553="","",IF(N553="No aplica","No aplica",IF(I553="","Pendent",IF(N553="Per substituir","Substituir",IF(OR(N553="No localitzat",N553="No lliurat"),"Reposar",IF(I553<H553,"Reposar",IF(I553>H553,"Revisar excedent",IF(AND(G553="Sí",M553<>"",M553<TODAY()),"EPI caducat",IF(AND(G553="Sí",M553<>"",M553<=TODAY()+90),"EPI caduca ≤90 dies",IF(OR(N553="Deteriorat usable",N553="Revisió necessària"),"Revisar","OK"))))))))))
A554: 6 | B554: =IFERROR(VLOOKUP(A554,Personal!$A$6:$F$112,2,FALSE()),"") -> 0 | C554: =IFERROR(VLOOKUP(A554,Personal!$A$6:$F$112,3,FALSE()),"") -> Olot | D554: Uniformitat | E554: COS-SA-01 | F554: Samarreta | G554: No | H554: =IF(OR(VLOOKUP(A554,Personal!$A$6:$F$112,5,FALSE())<>"Sí",N554="No aplica"),0,'Catàleg GRAE'!D8) -> 2 | P554: =IF(I554="","",I554-H554) | Q554: =IF(B554="","",IF(N554="No aplica","No aplica",IF(I554="","Pendent",IF(N554="Per substituir","Substituir",IF(OR(N554="No localitzat",N554="No lliurat"),"Reposar",IF(I554<H554,"Reposar",IF(I554>H554,"Revisar excedent",IF(AND(G554="Sí",M554<>"",M554<TODAY()),"EPI caducat",IF(AND(G554="Sí",M554<>"",M554<=TODAY()+90),"EPI caduca ≤90 dies",IF(OR(N554="Deteriorat usable",N554="Revisió necessària"),"Revisar","OK"))))))))))
A555: 6 | B555: =IFERROR(VLOOKUP(A555,Personal!$A$6:$F$112,2,FALSE()),"") -> 0 | C555: =IFERROR(VLOOKUP(A555,Personal!$A$6:$F$112,3,FALSE()),"") -> Olot | D555: Uniformitat | E555: COS-CI-01 | F555: Cinturó de treball | G555: No | H555: =IF(OR(VLOOKUP(A555,Personal!$A$6:$F$112,5,FALSE())<>"Sí",N555="No aplica"),0,'Catàleg GRAE'!D9) -> 1 | P555: =IF(I555="","",I555-H555) | Q555: =IF(B555="","",IF(N555="No aplica","No aplica",IF(I555="","Pendent",IF(N555="Per substituir","Substituir",IF(OR(N555="No localitzat",N555="No lliurat"),"Reposar",IF(I555<H555,"Reposar",IF(I555>H555,"Revisar excedent",IF(AND(G555="Sí",M555<>"",M555<TODAY()),"EPI caducat",IF(AND(G555="Sí",M555<>"",M555<=TODAY()+90),"EPI caduca ≤90 dies",IF(OR(N555="Deteriorat usable",N555="Revisió necessària"),"Revisar","OK"))))))))))
A556: 6 | B556: =IFERROR(VLOOKUP(A556,Personal!$A$6:$F$112,2,FALSE()),"") -> 0 | C556: =IFERROR(VLOOKUP(A556,Personal!$A$6:$F$112,3,FALSE()),"") -> Olot | D556: Transport | E556: MAT-BO-01 / MAT-BO-07 | F556: Bossa de transport amb motxilla | G556: No | H556: =IF(OR(VLOOKUP(A556,Personal!$A$6:$F$112,5,FALSE())<>"Sí",N556="No aplica"),0,'Catàleg GRAE'!D10) -> 1 | P556: =IF(I556="","",I556-H556) | Q556: =IF(B556="","",IF(N556="No aplica","No aplica",IF(I556="","Pendent",IF(N556="Per substituir","Substituir",IF(OR(N556="No localitzat",N556="No lliurat"),"Reposar",IF(I556<H556,"Reposar",IF(I556>H556,"Revisar excedent",IF(AND(G556="Sí",M556<>"",M556<TODAY()),"EPI caducat",IF(AND(G556="Sí",M556<>"",M556<=TODAY()+90),"EPI caduca ≤90 dies",IF(OR(N556="Deteriorat usable",N556="Revisió necessària"),"Revisar","OK"))))))))))
A557: 6 | B557: =IFERROR(VLOOKUP(A557,Personal!$A$6:$F$112,2,FALSE()),"") -> 0 | C557: =IFERROR(VLOOKUP(A557,Personal!$A$6:$F$112,3,FALSE()),"") -> Olot | D557: Protecció | E557: MAN-FO-01 | F557: Guants de protecció en incendis forestals | G557: Sí | H557: =IF(OR(VLOOKUP(A557,Personal!$A$6:$F$112,5,FALSE())<>"Sí",N557="No aplica"),0,'Catàleg GRAE'!D11) -> 1 | P557: =IF(I557="","",I557-H557) | Q557: =IF(B557="","",IF(N557="No aplica","No aplica",IF(I557="","Pendent",IF(N557="Per substituir","Substituir",IF(OR(N557="No localitzat",N557="No lliurat"),"Reposar",IF(I557<H557,"Reposar",IF(I557>H557,"Revisar excedent",IF(AND(G557="Sí",M557<>"",M557<TODAY()),"EPI caducat",IF(AND(G557="Sí",M557<>"",M557<=TODAY()+90),"EPI caduca ≤90 dies",IF(OR(N557="Deteriorat usable",N557="Revisió necessària"),"Revisar","OK"))))))))))
A558: 6 | B558: =IFERROR(VLOOKUP(A558,Personal!$A$6:$F$112,2,FALSE()),"") -> 0 | C558: =IFERROR(VLOOKUP(A558,Personal!$A$6:$F$112,3,FALSE()),"") -> Olot | D558: Protecció | E558: CAP-MA-04 | F558: Mascareta autofiltrant FFP3 | G558: Sí | H558: =IF(OR(VLOOKUP(A558,Personal!$A$6:$F$112,5,FALSE())<>"Sí",N558="No aplica"),0,'Catàleg GRAE'!D12) -> 1 | P558: =IF(I558="","",I558-H558) | Q558: =IF(B558="","",IF(N558="No aplica","No aplica",IF(I558="","Pendent",IF(N558="Per substituir","Substituir",IF(OR(N558="No localitzat",N558="No lliurat"),"Reposar",IF(I558<H558,"Reposar",IF(I558>H558,"Revisar excedent",IF(AND(G558="Sí",M558<>"",M558<TODAY()),"EPI caducat",IF(AND(G558="Sí",M558<>"",M558<=TODAY()+90),"EPI caduca ≤90 dies",IF(OR(N558="Deteriorat usable",N558="Revisió necessària"),"Revisar","OK"))))))))))
A559: 6 | B559: =IFERROR(VLOOKUP(A559,Personal!$A$6:$F$112,2,FALSE()),"") -> 0 | C559: =IFERROR(VLOOKUP(A559,Personal!$A$6:$F$112,3,FALSE()),"") -> Olot | D559: Esport | E559: COS-DE-02 | F559: Dessuadora d’esport | G559: No | H559: =IF(OR(VLOOKUP(A559,Personal!$A$6:$F$112,5,FALSE())<>"Sí",N559="No aplica"),0,'Catàleg GRAE'!D13) -> 1 | P559: =IF(I559="","",I559-H559) | Q559: =IF(B559="","",IF(N559="No aplica","No aplica",IF(I559="","Pendent",IF(N559="Per substituir","Substituir",IF(OR(N559="No localitzat",N559="No lliurat"),"Reposar",IF(I559<H559,"Reposar",IF(I559>H559,"Revisar excedent",IF(AND(G559="Sí",M559<>"",M559<TODAY()),"EPI caducat",IF(AND(G559="Sí",M559<>"",M559<=TODAY()+90),"EPI caduca ≤90 dies",IF(OR(N559="Deteriorat usable",N559="Revisió necessària"),"Revisar","OK"))))))))))
A560: 6 | B560: =IFERROR(VLOOKUP(A560,Personal!$A$6:$F$112,2,FALSE()),"") -> 0 | C560: =IFERROR(VLOOKUP(A560,Personal!$A$6:$F$112,3,FALSE()),"") -> Olot | D560: Esport | E560: COS-PA-10 | F560: Pantaló llarg d’esport | G560: No | H560: =IF(OR(VLOOKUP(A560,Personal!$A$6:$F$112,5,FALSE())<>"Sí",N560="No aplica"),0,'Catàleg GRAE'!D14) -> 1 | P560: =IF(I560="","",I560-H560) | Q560: =IF(B560="","",IF(N560="No aplica","No aplica",IF(I560="","Pendent",IF(N560="Per substituir","Substituir",IF(OR(N560="No localitzat",N560="No lliurat"),"Reposar",IF(I560<H560,"Reposar",IF(I560>H560,"Revisar excedent",IF(AND(G560="Sí",M560<>"",M560<TODAY()),"EPI caducat",IF(AND(G560="Sí",M560<>"",M560<=TODAY()+90),"EPI caduca ≤90 dies",IF(OR(N560="Deteriorat usable",N560="Revisió necessària"),"Revisar","OK"))))))))))
A561: 6 | B561: =IFERROR(VLOOKUP(A561,Personal!$A$6:$F$112,2,FALSE()),"") -> 0 | C561: =IFERROR(VLOOKUP(A561,Personal!$A$6:$F$112,3,FALSE()),"") -> Olot | D561: Esport | E561: COS-PA-07 | F561: Pantaló curt d’esport | G561: No | H561: =IF(OR(VLOOKUP(A561,Personal!$A$6:$F$112,5,FALSE())<>"Sí",N561="No aplica"),0,'Catàleg GRAE'!D15) -> 1 | P561: =IF(I561="","",I561-H561) | Q561: =IF(B561="","",IF(N561="No aplica","No aplica",IF(I561="","Pendent",IF(N561="Per substituir","Substituir",IF(OR(N561="No localitzat",N561="No lliurat"),"Reposar",IF(I561<H561,"Reposar",IF(I561>H561,"Revisar excedent",IF(AND(G561="Sí",M561<>"",M561<TODAY()),"EPI caducat",IF(AND(G561="Sí",M561<>"",M561<=TODAY()+90),"EPI caduca ≤90 dies",IF(OR(N561="Deteriorat usable",N561="Revisió necessària"),"Revisar","OK"))))))))))
A562: 6 | B562: =IFERROR(VLOOKUP(A562,Personal!$A$6:$F$112,2,FALSE()),"") -> 0 | C562: =IFERROR(VLOOKUP(A562,Personal!$A$6:$F$112,3,FALSE()),"") -> Olot | D562: Esport | E562: COS-SA-02 | F562: Samarreta d’esport | G562: No | H562: =IF(OR(VLOOKUP(A562,Personal!$A$6:$F$112,5,FALSE())<>"Sí",N562="No aplica"),0,'Catàleg GRAE'!D16) -> 1 | P562: =IF(I562="","",I562-H562) | Q562: =IF(B562="","",IF(N562="No aplica","No aplica",IF(I562="","Pendent",IF(N562="Per substituir","Substituir",IF(OR(N562="No localitzat",N562="No lliurat"),"Reposar",IF(I562<H562,"Reposar",IF(I562>H562,"Revisar excedent",IF(AND(G562="Sí",M562<>"",M562<TODAY()),"EPI caducat",IF(AND(G562="Sí",M562<>"",M562<=TODAY()+90),"EPI caduca ≤90 dies",IF(OR(N562="Deteriorat usable",N562="Revisió necessària"),"Revisar","OK"))))))))))
... A659: 6 | B659: =IFERROR(VLOOKUP(A659,Personal!$A$6:$F$112,2,FALSE()),"") -> 0 | C659: =IFERROR(VLOOKUP(A659,Personal!$A$6:$F$112,3,FALSE()),"") -> Olot | D659: Aquàtic | E659: MAT-CO-42 | F659: Banyador corporatiu GRAE | G659: No | H659: =IF(OR(VLOOKUP(A659,Personal!$A$6:$F$112,5,FALSE())<>"Sí",N659="No aplica"),0,'Catàleg GRAE'!D113) -> 1 | P659: =IF(I659="","",I659-H659) | Q659: =IF(B659="","",IF(N659="No aplica","No aplica",IF(I659="","Pendent",IF(N659="Per substituir","Substituir",IF(OR(N659="No localitzat",N659="No lliurat"),"Reposar",IF(I659<H659,"Reposar",IF(I659>H659,"Revisar excedent",IF(AND(G659="Sí",M659<>"",M659<TODAY()),"EPI caducat",IF(AND(G659="Sí",M659<>"",M659<=TODAY()+90),"EPI caduca ≤90 dies",IF(OR(N659="Deteriorat usable",N659="Revisió necessària"),"Revisar","OK"))))))))))
A660: 7 | B660: =IFERROR(VLOOKUP(A660,Personal!$A$6:$F$112,2,FALSE()),"") -> 0 | C660: =IFERROR(VLOOKUP(A660,Personal!$A$6:$F$112,3,FALSE()),"") -> Olot | D660: Uniformitat | E660: COS-PO-02 | F660: Polo màniga curta blau marí (bomber/a) | G660: No | H660: =IF(OR(VLOOKUP(A660,Personal!$A$6:$F$112,5,FALSE())<>"Sí",N660="No aplica"),0,'Catàleg GRAE'!D5) -> 1 | P660: =IF(I660="","",I660-H660) | Q660: =IF(B660="","",IF(N660="No aplica","No aplica",IF(I660="","Pendent",IF(N660="Per substituir","Substituir",IF(OR(N660="No localitzat",N660="No lliurat"),"Reposar",IF(I660<H660,"Reposar",IF(I660>H660,"Revisar excedent",IF(AND(G660="Sí",M660<>"",M660<TODAY()),"EPI caducat",IF(AND(G660="Sí",M660<>"",M660<=TODAY()+90),"EPI caduca ≤90 dies",IF(OR(N660="Deteriorat usable",N660="Revisió necessària"),"Revisar","OK"))))))))))
A661: 7 | B661: =IFERROR(VLOOKUP(A661,Personal!$A$6:$F$112,2,FALSE()),"") -> 0 | C661: =IFERROR(VLOOKUP(A661,Personal!$A$6:$F$112,3,FALSE()),"") -> Olot | D661: Uniformitat | E661: COS-PO-02 | F661: Polo màniga llarga blau marí (bomber/a) | G661: No | H661: =IF(OR(VLOOKUP(A661,Personal!$A$6:$F$112,5,FALSE())<>"Sí",N661="No aplica"),0,'Catàleg GRAE'!D6) -> 1 | P661: =IF(I661="","",I661-H661) | Q661: =IF(B661="","",IF(N661="No aplica","No aplica",IF(I661="","Pendent",IF(N661="Per substituir","Substituir",IF(OR(N661="No localitzat",N661="No lliurat"),"Reposar",IF(I661<H661,"Reposar",IF(I661>H661,"Revisar excedent",IF(AND(G661="Sí",M661<>"",M661<TODAY()),"EPI caducat",IF(AND(G661="Sí",M661<>"",M661<=TODAY()+90),"EPI caduca ≤90 dies",IF(OR(N661="Deteriorat usable",N661="Revisió necessària"),"Revisar","OK"))))))))))
A662: 7 | B662: =IFERROR(VLOOKUP(A662,Personal!$A$6:$F$112,2,FALSE()),"") -> 0 | C662: =IFERROR(VLOOKUP(A662,Personal!$A$6:$F$112,3,FALSE()),"") -> Olot | D662: Uniformitat | E662: COS-PA-08 | F662: Pantaló d’intervenció lleuger | G662: Sí | H662: =IF(OR(VLOOKUP(A662,Personal!$A$6:$F$112,5,FALSE())<>"Sí",N662="No aplica"),0,'Catàleg GRAE'!D7) -> 1 | P662: =IF(I662="","",I662-H662) | Q662: =IF(B662="","",IF(N662="No aplica","No aplica",IF(I662="","Pendent",IF(N662="Per substituir","Substituir",IF(OR(N662="No localitzat",N662="No lliurat"),"Reposar",IF(I662<H662,"Reposar",IF(I662>H662,"Revisar excedent",IF(AND(G662="Sí",M662<>"",M662<TODAY()),"EPI caducat",IF(AND(G662="Sí",M662<>"",M662<=TODAY()+90),"EPI caduca ≤90 dies",IF(OR(N662="Deteriorat usable",N662="Revisió necessària"),"Revisar","OK"))))))))))
A663: 7 | B663: =IFERROR(VLOOKUP(A663,Personal!$A$6:$F$112,2,FALSE()),"") -> 0 | C663: =IFERROR(VLOOKUP(A663,Personal!$A$6:$F$112,3,FALSE()),"") -> Olot | D663: Uniformitat | E663: COS-SA-01 | F663: Samarreta | G663: No | H663: =IF(OR(VLOOKUP(A663,Personal!$A$6:$F$112,5,FALSE())<>"Sí",N663="No aplica"),0,'Catàleg GRAE'!D8) -> 2 | P663: =IF(I663="","",I663-H663) | Q663: =IF(B663="","",IF(N663="No aplica","No aplica",IF(I663="","Pendent",IF(N663="Per substituir","Substituir",IF(OR(N663="No localitzat",N663="No lliurat"),"Reposar",IF(I663<H663,"Reposar",IF(I663>H663,"Revisar excedent",IF(AND(G663="Sí",M663<>"",M663<TODAY()),"EPI caducat",IF(AND(G663="Sí",M663<>"",M663<=TODAY()+90),"EPI caduca ≤90 dies",IF(OR(N663="Deteriorat usable",N663="Revisió necessària"),"Revisar","OK"))))))))))
A664: 7 | B664: =IFERROR(VLOOKUP(A664,Personal!$A$6:$F$112,2,FALSE()),"") -> 0 | C664: =IFERROR(VLOOKUP(A664,Personal!$A$6:$F$112,3,FALSE()),"") -> Olot | D664: Uniformitat | E664: COS-CI-01 | F664: Cinturó de treball | G664: No | H664: =IF(OR(VLOOKUP(A664,Personal!$A$6:$F$112,5,FALSE())<>"Sí",N664="No aplica"),0,'Catàleg GRAE'!D9) -> 1 | P664: =IF(I664="","",I664-H664) | Q664: =IF(B664="","",IF(N664="No aplica","No aplica",IF(I664="","Pendent",IF(N664="Per substituir","Substituir",IF(OR(N664="No localitzat",N664="No lliurat"),"Reposar",IF(I664<H664,"Reposar",IF(I664>H664,"Revisar excedent",IF(AND(G664="Sí",M664<>"",M664<TODAY()),"EPI caducat",IF(AND(G664="Sí",M664<>"",M664<=TODAY()+90),"EPI caduca ≤90 dies",IF(OR(N664="Deteriorat usable",N664="Revisió necessària"),"Revisar","OK"))))))))))
A665: 7 | B665: =IFERROR(VLOOKUP(A665,Personal!$A$6:$F$112,2,FALSE()),"") -> 0 | C665: =IFERROR(VLOOKUP(A665,Personal!$A$6:$F$112,3,FALSE()),"") -> Olot | D665: Transport | E665: MAT-BO-01 / MAT-BO-07 | F665: Bossa de transport amb motxilla | G665: No | H665: =IF(OR(VLOOKUP(A665,Personal!$A$6:$F$112,5,FALSE())<>"Sí",N665="No aplica"),0,'Catàleg GRAE'!D10) -> 1 | P665: =IF(I665="","",I665-H665) | Q665: =IF(B665="","",IF(N665="No aplica","No aplica",IF(I665="","Pendent",IF(N665="Per substituir","Substituir",IF(OR(N665="No localitzat",N665="No lliurat"),"Reposar",IF(I665<H665,"Reposar",IF(I665>H665,"Revisar excedent",IF(AND(G665="Sí",M665<>"",M665<TODAY()),"EPI caducat",IF(AND(G665="Sí",M665<>"",M665<=TODAY()+90),"EPI caduca ≤90 dies",IF(OR(N665="Deteriorat usable",N665="Revisió necessària"),"Revisar","OK"))))))))))
A666: 7 | B666: =IFERROR(VLOOKUP(A666,Personal!$A$6:$F$112,2,FALSE()),"") -> 0 | C666: =IFERROR(VLOOKUP(A666,Personal!$A$6:$F$112,3,FALSE()),"") -> Olot | D666: Protecció | E666: MAN-FO-01 | F666: Guants de protecció en incendis forestals | G666: Sí | H666: =IF(OR(VLOOKUP(A666,Personal!$A$6:$F$112,5,FALSE())<>"Sí",N666="No aplica"),0,'Catàleg GRAE'!D11) -> 1 | P666: =IF(I666="","",I666-H666) | Q666: =IF(B666="","",IF(N666="No aplica","No aplica",IF(I666="","Pendent",IF(N666="Per substituir","Substituir",IF(OR(N666="No localitzat",N666="No lliurat"),"Reposar",IF(I666<H666,"Reposar",IF(I666>H666,"Revisar excedent",IF(AND(G666="Sí",M666<>"",M666<TODAY()),"EPI caducat",IF(AND(G666="Sí",M666<>"",M666<=TODAY()+90),"EPI caduca ≤90 dies",IF(OR(N666="Deteriorat usable",N666="Revisió necessària"),"Revisar","OK"))))))))))
A667: 7 | B667: =IFERROR(VLOOKUP(A667,Personal!$A$6:$F$112,2,FALSE()),"") -> 0 | C667: =IFERROR(VLOOKUP(A667,Personal!$A$6:$F$112,3,FALSE()),"") -> Olot | D667: Protecció | E667: CAP-MA-04 | F667: Mascareta autofiltrant FFP3 | G667: Sí | H667: =IF(OR(VLOOKUP(A667,Personal!$A$6:$F$112,5,FALSE())<>"Sí",N667="No aplica"),0,'Catàleg GRAE'!D12) -> 1 | P667: =IF(I667="","",I667-H667) | Q667: =IF(B667="","",IF(N667="No aplica","No aplica",IF(I667="","Pendent",IF(N667="Per substituir","Substituir",IF(OR(N667="No localitzat",N667="No lliurat"),"Reposar",IF(I667<H667,"Reposar",IF(I667>H667,"Revisar excedent",IF(AND(G667="Sí",M667<>"",M667<TODAY()),"EPI caducat",IF(AND(G667="Sí",M667<>"",M667<=TODAY()+90),"EPI caduca ≤90 dies",IF(OR(N667="Deteriorat usable",N667="Revisió necessària"),"Revisar","OK"))))))))))
A668: 7 | B668: =IFERROR(VLOOKUP(A668,Personal!$A$6:$F$112,2,FALSE()),"") -> 0 | C668: =IFERROR(VLOOKUP(A668,Personal!$A$6:$F$112,3,FALSE()),"") -> Olot | D668: Esport | E668: COS-DE-02 | F668: Dessuadora d’esport | G668: No | H668: =IF(OR(VLOOKUP(A668,Personal!$A$6:$F$112,5,FALSE())<>"Sí",N668="No aplica"),0,'Catàleg GRAE'!D13) -> 1 | P668: =IF(I668="","",I668-H668) | Q668: =IF(B668="","",IF(N668="No aplica","No aplica",IF(I668="","Pendent",IF(N668="Per substituir","Substituir",IF(OR(N668="No localitzat",N668="No lliurat"),"Reposar",IF(I668<H668,"Reposar",IF(I668>H668,"Revisar excedent",IF(AND(G668="Sí",M668<>"",M668<TODAY()),"EPI caducat",IF(AND(G668="Sí",M668<>"",M668<=TODAY()+90),"EPI caduca ≤90 dies",IF(OR(N668="Deteriorat usable",N668="Revisió necessària"),"Revisar","OK"))))))))))
A669: 7 | B669: =IFERROR(VLOOKUP(A669,Personal!$A$6:$F$112,2,FALSE()),"") -> 0 | C669: =IFERROR(VLOOKUP(A669,Personal!$A$6:$F$112,3,FALSE()),"") -> Olot | D669: Esport | E669: COS-PA-10 | F669: Pantaló llarg d’esport | G669: No | H669: =IF(OR(VLOOKUP(A669,Personal!$A$6:$F$112,5,FALSE())<>"Sí",N669="No aplica"),0,'Catàleg GRAE'!D14) -> 1 | P669: =IF(I669="","",I669-H669) | Q669: =IF(B669="","",IF(N669="No aplica","No aplica",IF(I669="","Pendent",IF(N669="Per substituir","Substituir",IF(OR(N669="No localitzat",N669="No lliurat"),"Reposar",IF(I669<H669,"Reposar",IF(I669>H669,"Revisar excedent",IF(AND(G669="Sí",M669<>"",M669<TODAY()),"EPI caducat",IF(AND(G669="Sí",M669<>"",M669<=TODAY()+90),"EPI caduca ≤90 dies",IF(OR(N669="Deteriorat usable",N669="Revisió necessària"),"Revisar","OK"))))))))))
A670: 7 | B670: =IFERROR(VLOOKUP(A670,Personal!$A$6:$F$112,2,FALSE()),"") -> 0 | C670: =IFERROR(VLOOKUP(A670,Personal!$A$6:$F$112,3,FALSE()),"") -> Olot | D670: Esport | E670: COS-PA-07 | F670: Pantaló curt d’esport | G670: No | H670: =IF(OR(VLOOKUP(A670,Personal!$A$6:$F$112,5,FALSE())<>"Sí",N670="No aplica"),0,'Catàleg GRAE'!D15) -> 1 | P670: =IF(I670="","",I670-H670) | Q670: =IF(B670="","",IF(N670="No aplica","No aplica",IF(I670="","Pendent",IF(N670="Per substituir","Substituir",IF(OR(N670="No localitzat",N670="No lliurat"),"Reposar",IF(I670<H670,"Reposar",IF(I670>H670,"Revisar excedent",IF(AND(G670="Sí",M670<>"",M670<TODAY()),"EPI caducat",IF(AND(G670="Sí",M670<>"",M670<=TODAY()+90),"EPI caduca ≤90 dies",IF(OR(N670="Deteriorat usable",N670="Revisió necessària"),"Revisar","OK"))))))))))
A671: 7 | B671: =IFERROR(VLOOKUP(A671,Personal!$A$6:$F$112,2,FALSE()),"") -> 0 | C671: =IFERROR(VLOOKUP(A671,Personal!$A$6:$F$112,3,FALSE()),"") -> Olot | D671: Esport | E671: COS-SA-02 | F671: Samarreta d’esport | G671: No | H671: =IF(OR(VLOOKUP(A671,Personal!$A$6:$F$112,5,FALSE())<>"Sí",N671="No aplica"),0,'Catàleg GRAE'!D16) -> 1 | P671: =IF(I671="","",I671-H671) | Q671: =IF(B671="","",IF(N671="No aplica","No aplica",IF(I671="","Pendent",IF(N671="Per substituir","Substituir",IF(OR(N671="No localitzat",N671="No lliurat"),"Reposar",IF(I671<H671,"Reposar",IF(I671>H671,"Revisar excedent",IF(AND(G671="Sí",M671<>"",M671<TODAY()),"EPI caducat",IF(AND(G671="Sí",M671<>"",M671<=TODAY()+90),"EPI caduca ≤90 dies",IF(OR(N671="Deteriorat usable",N671="Revisió necessària"),"Revisar","OK"))))))))))
... A768: 7 | B768: =IFERROR(VLOOKUP(A768,Personal!$A$6:$F$112,2,FALSE()),"") -> 0 | C768: =IFERROR(VLOOKUP(A768,Personal!$A$6:$F$112,3,FALSE()),"") -> Olot | D768: Aquàtic | E768: MAT-CO-42 | F768: Banyador corporatiu GRAE | G768: No | H768: =IF(OR(VLOOKUP(A768,Personal!$A$6:$F$112,5,FALSE())<>"Sí",N768="No aplica"),0,'Catàleg GRAE'!D113) -> 1 | P768: =IF(I768="","",I768-H768) | Q768: =IF(B768="","",IF(N768="No aplica","No aplica",IF(I768="","Pendent",IF(N768="Per substituir","Substituir",IF(OR(N768="No localitzat",N768="No lliurat"),"Reposar",IF(I768<H768,"Reposar",IF(I768>H768,"Revisar excedent",IF(AND(G768="Sí",M768<>"",M768<TODAY()),"EPI caducat",IF(AND(G768="Sí",M768<>"",M768<=TODAY()+90),"EPI caduca ≤90 dies",IF(OR(N768="Deteriorat usable",N768="Revisió necessària"),"Revisar","OK"))))))))))
A769: 8 | B769: =IFERROR(VLOOKUP(A769,Personal!$A$6:$F$112,2,FALSE()),"") -> 0 | C769: =IFERROR(VLOOKUP(A769,Personal!$A$6:$F$112,3,FALSE()),"") -> Olot | D769: Uniformitat | E769: COS-PO-02 | F769: Polo màniga curta blau marí (bomber/a) | G769: No | H769: =IF(OR(VLOOKUP(A769,Personal!$A$6:$F$112,5,FALSE())<>"Sí",N769="No aplica"),0,'Catàleg GRAE'!D5) -> 1 | P769: =IF(I769="","",I769-H769) | Q769: =IF(B769="","",IF(N769="No aplica","No aplica",IF(I769="","Pendent",IF(N769="Per substituir","Substituir",IF(OR(N769="No localitzat",N769="No lliurat"),"Reposar",IF(I769<H769,"Reposar",IF(I769>H769,"Revisar excedent",IF(AND(G769="Sí",M769<>"",M769<TODAY()),"EPI caducat",IF(AND(G769="Sí",M769<>"",M769<=TODAY()+90),"EPI caduca ≤90 dies",IF(OR(N769="Deteriorat usable",N769="Revisió necessària"),"Revisar","OK"))))))))))
A770: 8 | B770: =IFERROR(VLOOKUP(A770,Personal!$A$6:$F$112,2,FALSE()),"") -> 0 | C770: =IFERROR(VLOOKUP(A770,Personal!$A$6:$F$112,3,FALSE()),"") -> Olot | D770: Uniformitat | E770: COS-PO-02 | F770: Polo màniga llarga blau marí (bomber/a) | G770: No | H770: =IF(OR(VLOOKUP(A770,Personal!$A$6:$F$112,5,FALSE())<>"Sí",N770="No aplica"),0,'Catàleg GRAE'!D6) -> 1 | P770: =IF(I770="","",I770-H770) | Q770: =IF(B770="","",IF(N770="No aplica","No aplica",IF(I770="","Pendent",IF(N770="Per substituir","Substituir",IF(OR(N770="No localitzat",N770="No lliurat"),"Reposar",IF(I770<H770,"Reposar",IF(I770>H770,"Revisar excedent",IF(AND(G770="Sí",M770<>"",M770<TODAY()),"EPI caducat",IF(AND(G770="Sí",M770<>"",M770<=TODAY()+90),"EPI caduca ≤90 dies",IF(OR(N770="Deteriorat usable",N770="Revisió necessària"),"Revisar","OK"))))))))))
A771: 8 | B771: =IFERROR(VLOOKUP(A771,Personal!$A$6:$F$112,2,FALSE()),"") -> 0 | C771: =IFERROR(VLOOKUP(A771,Personal!$A$6:$F$112,3,FALSE()),"") -> Olot | D771: Uniformitat | E771: COS-PA-08 | F771: Pantaló d’intervenció lleuger | G771: Sí | H771: =IF(OR(VLOOKUP(A771,Personal!$A$6:$F$112,5,FALSE())<>"Sí",N771="No aplica"),0,'Catàleg GRAE'!D7) -> 1 | P771: =IF(I771="","",I771-H771) | Q771: =IF(B771="","",IF(N771="No aplica","No aplica",IF(I771="","Pendent",IF(N771="Per substituir","Substituir",IF(OR(N771="No localitzat",N771="No lliurat"),"Reposar",IF(I771<H771,"Reposar",IF(I771>H771,"Revisar excedent",IF(AND(G771="Sí",M771<>"",M771<TODAY()),"EPI caducat",IF(AND(G771="Sí",M771<>"",M771<=TODAY()+90),"EPI caduca ≤90 dies",IF(OR(N771="Deteriorat usable",N771="Revisió necessària"),"Revisar","OK"))))))))))
A772: 8 | B772: =IFERROR(VLOOKUP(A772,Personal!$A$6:$F$112,2,FALSE()),"") -> 0 | C772: =IFERROR(VLOOKUP(A772,Personal!$A$6:$F$112,3,FALSE()),"") -> Olot | D772: Uniformitat | E772: COS-SA-01 | F772: Samarreta | G772: No | H772: =IF(OR(VLOOKUP(A772,Personal!$A$6:$F$112,5,FALSE())<>"Sí",N772="No aplica"),0,'Catàleg GRAE'!D8) -> 2 | P772: =IF(I772="","",I772-H772) | Q772: =IF(B772="","",IF(N772="No aplica","No aplica",IF(I772="","Pendent",IF(N772="Per substituir","Substituir",IF(OR(N772="No localitzat",N772="No lliurat"),"Reposar",IF(I772<H772,"Reposar",IF(I772>H772,"Revisar excedent",IF(AND(G772="Sí",M772<>"",M772<TODAY()),"EPI caducat",IF(AND(G772="Sí",M772<>"",M772<=TODAY()+90),"EPI caduca ≤90 dies",IF(OR(N772="Deteriorat usable",N772="Revisió necessària"),"Revisar","OK"))))))))))
A773: 8 | B773: =IFERROR(VLOOKUP(A773,Personal!$A$6:$F$112,2,FALSE()),"") -> 0 | C773: =IFERROR(VLOOKUP(A773,Personal!$A$6:$F$112,3,FALSE()),"") -> Olot | D773: Uniformitat | E773: COS-CI-01 | F773: Cinturó de treball | G773: No | H773: =IF(OR(VLOOKUP(A773,Personal!$A$6:$F$112,5,FALSE())<>"Sí",N773="No aplica"),0,'Catàleg GRAE'!D9) -> 1 | P773: =IF(I773="","",I773-H773) | Q773: =IF(B773="","",IF(N773="No aplica","No aplica",IF(I773="","Pendent",IF(N773="Per substituir","Substituir",IF(OR(N773="No localitzat",N773="No lliurat"),"Reposar",IF(I773<H773,"Reposar",IF(I773>H773,"Revisar excedent",IF(AND(G773="Sí",M773<>"",M773<TODAY()),"EPI caducat",IF(AND(G773="Sí",M773<>"",M773<=TODAY()+90),"EPI caduca ≤90 dies",IF(OR(N773="Deteriorat usable",N773="Revisió necessària"),"Revisar","OK"))))))))))
A774: 8 | B774: =IFERROR(VLOOKUP(A774,Personal!$A$6:$F$112,2,FALSE()),"") -> 0 | C774: =IFERROR(VLOOKUP(A774,Personal!$A$6:$F$112,3,FALSE()),"") -> Olot | D774: Transport | E774: MAT-BO-01 / MAT-BO-07 | F774: Bossa de transport amb motxilla | G774: No | H774: =IF(OR(VLOOKUP(A774,Personal!$A$6:$F$112,5,FALSE())<>"Sí",N774="No aplica"),0,'Catàleg GRAE'!D10) -> 1 | P774: =IF(I774="","",I774-H774) | Q774: =IF(B774="","",IF(N774="No aplica","No aplica",IF(I774="","Pendent",IF(N774="Per substituir","Substituir",IF(OR(N774="No localitzat",N774="No lliurat"),"Reposar",IF(I774<H774,"Reposar",IF(I774>H774,"Revisar excedent",IF(AND(G774="Sí",M774<>"",M774<TODAY()),"EPI caducat",IF(AND(G774="Sí",M774<>"",M774<=TODAY()+90),"EPI caduca ≤90 dies",IF(OR(N774="Deteriorat usable",N774="Revisió necessària"),"Revisar","OK"))))))))))
...

Sheet Catàleg GRAE
A2: Catàleg de dotació individual - GRAE Muntanya
A4: Categoria | B4: Referència | C4: Article | D4: Dotació teòrica / persona | E4: EPI traçable
A5: Uniformitat | B5: COS-PO-02 | C5: Polo màniga curta blau marí (bomber/a) | D5: 1 | E5: No
A6: Uniformitat | B6: COS-PO-02 | C6: Polo màniga llarga blau marí (bomber/a) | D6: 1 | E6: No
A7: Uniformitat | B7: COS-PA-08 | C7: Pantaló d’intervenció lleuger | D7: 1 | E7: Sí
A8: Uniformitat | B8: COS-SA-01 | C8: Samarreta | D8: 2 | E8: No
A9: Uniformitat | B9: COS-CI-01 | C9: Cinturó de treball | D9: 1 | E9: No
A10: Transport | B10: MAT-BO-01 / MAT-BO-07 | C10: Bossa de transport amb motxilla | D10: 1 | E10: No
A11: Protecció | B11: MAN-FO-01 | C11: Guants de protecció en incendis forestals | D11: 1 | E11: Sí
A12: Protecció | B12: CAP-MA-04 | C12: Mascareta autofiltrant FFP3 | D12: 1 | E12: Sí
A13: Esport | B13: COS-DE-02 | C13: Dessuadora d’esport | D13: 1 | E13: No
A14: Esport | B14: COS-PA-10 | C14: Pantaló llarg d’esport | D14: 1 | E14: No
A15: Esport | B15: COS-PA-07 | C15: Pantaló curt d’esport | D15: 1 | E15: No
A16: Esport | B16: COS-SA-02 | C16: Samarreta d’esport | D16: 1 | E16: No
... A113: Aquàtic | B113: MAT-CO-42 | C113: Banyador corporatiu GRAE | D113: 1 | E113: No

Sheet Guia acció
A2: Guia per executar l’acció d’inventari
A5: Objectiu | B5: Disposar d’un inventari nominal, verificat i comparable amb la dotació DOC.STT.001 V.2 2026.
A6: Abast | B6: Tot el personal especialista GRAE Muntanya i tota la dotació individual de l’apartat 1.2 del catàleg.
A7: 1. Preparació | B7: Completar la pestanya Personal, assignar una persona responsable per base i fixar una data límit comuna.
A8: 2. Autoinventari | B8: Cada especialista filtra la pestanya Declaracions pel seu ID i informa unitats, talla, estat, revisió i observacions.
A9: 3. Verificació | B9: Fer comprovació física per parelles o per un responsable de base. Marcar Comprovat = Sí.
A10: 4. Consolidació | B10: Revisar la pestanya Resum i filtrar Situació = Reposar o Revisar.
A11: 5. Tancament | B11: Validar incidències, acordar reposicions i conservar una còpia amb la data de tancament.
A12: Criteri - Correcte | B12: Material localitzat, funcional i sense defectes que comprometin l’ús.
A13: Criteri - Deteriorat usable | B13: Té desgast, però es pot continuar utilitzant amb seguretat; cal seguiment.
A14: Criteri - Revisió necessària | B14: Requereix inspecció tècnica, manteniment o comprovació documental.
A15: Criteri - Per substituir | B15: No és apte per al servei o ha arribat al final de vida útil.
A16: Criteri - No localitzat | B16: Consta com a dotació, però no es troba físicament.
... A22: Nota | B22: Les referències compartides per peces de màniga curta/llarga i les que depenen de categoria s’han mantingut agrupades segons el catàleg.
